id,platform,lang,kind,town,service,caption,chars,link,media_required,media_kind,media_brief,media_url,video_script,status,scheduled_for
"local-contractor-insurance-paterson-es-facebook","facebook","es","local","paterson","contractor-insurance","Lo que más nos preguntan en Paterson sobre seguro para contratistas:

Paterson es una ciudad de cuadrillas pequeñas: dos o tres personas, una camioneta, y trabajo que cruza el condado casi todos los días.

¿Dudas? Escríbenos por WhatsApp y te conectamos con un agente con licencia.

https://example-placeholder.com/es/seguro-para-contratistas-en-paterson

#Contratistas #SeguroDeContratista #COI #SegurosEnEspañol #NuevaJersey

No somos agencia con licencia. Te conectamos con agentes con licencia en NJ/NY. Info educativa, no asesoría.","536","https://example-placeholder.com/es/seguro-para-contratistas-en-paterson","false","","","","","approved",""
"local-contractor-insurance-paterson-es-instagram","instagram","es","local","paterson","contractor-insurance","Lo que más nos preguntan en Paterson sobre seguro para contratistas:

Paterson es una ciudad de cuadrillas pequeñas: dos o tres personas, una camioneta, y trabajo que cruza el condado casi todos los días.

¿Dudas? Escríbenos por WhatsApp y te conectamos con un agente con licencia.

https://example-placeholder.com/es/seguro-para-contratistas-en-paterson

#Contratistas #SeguroDeContratista #COI #SegurosEnEspañol #NuevaJersey

No somos agencia con licencia. Te conectamos con agentes con licencia en NJ/NY. Info educativa, no asesoría.","536","https://example-placeholder.com/es/seguro-para-contratistas-en-paterson","true","image","Foto o gráfico con el nombre ""Paterson, NJ"" y el texto ""Seguro para Contratistas"". Mostrar gente real de oficio, no stock corporativo.","https://example.com/a.jpg","","approved",""
"local-contractor-insurance-paterson-es-tiktok","tiktok","es","local","paterson","contractor-insurance","Lo que más nos preguntan en Paterson sobre seguro para contratistas:

Paterson es una ciudad de cuadrillas pequeñas: dos o tres personas, una camioneta, y trabajo que cruza el condado casi todos los días.

¿Dudas? Escríbenos por WhatsApp y te conectamos con un agente con licencia.

https://example-placeholder.com/es/seguro-para-contratistas-en-paterson

#Contratistas #SeguroDeContratista #COI #SegurosEnEspañol #NuevaJersey

No somos agencia con licencia. Te conectamos con agentes con licencia en NJ/NY. Info educativa, no asesoría.","536","https://example-placeholder.com/es/seguro-para-contratistas-en-paterson","true","video","Foto o gráfico con el nombre ""Paterson, NJ"" y el texto ""Seguro para Contratistas"". Mostrar gente real de oficio, no stock corporativo.","","GANCHO (0-3s): ""Paterson es una ciudad de cuadrillas pequeñas: dos o tres personas, una camioneta, y trabajo que cruza el condado casi todos los días.""
DESARROLLO (3-25s): explica el punto con un ejemplo concreto de la zona.
CIERRE (25-30s): ""Te conectamos gratis con un agente con licencia. Link en bio.""","approved",""
"local-contractor-insurance-paterson-en-facebook","facebook","en","local","paterson","contractor-insurance","Paterson, NJ: here's what nobody explains about contractor insurance.

Paterson runs on small crews: two or three guys, one truck, and work that crosses county lines most days.

Questions? Message us and we connect you with a licensed agent.

https://example-placeholder.com/en/contractor-insurance-paterson

#Contractors #GeneralLiability #COI #NJInsurance #Bilingual

Not a licensed agency. We connect you with licensed NJ/NY agents. Educational info, not advice.","465","https://example-placeholder.com/en/contractor-insurance-paterson","false","","","","","draft",""
"local-contractor-insurance-paterson-en-instagram","instagram","en","local","paterson","contractor-insurance","Paterson, NJ: here's what nobody explains about contractor insurance.

Paterson runs on small crews: two or three guys, one truck, and work that crosses county lines most days.

Questions? Message us and we connect you with a licensed agent.

https://example-placeholder.com/en/contractor-insurance-paterson

#Contractors #GeneralLiability #COI #NJInsurance #Bilingual

Not a licensed agency. We connect you with licensed NJ/NY agents. Educational info, not advice.","465","https://example-placeholder.com/en/contractor-insurance-paterson","true","image","Photo or graphic reading ""Paterson, NJ"" with ""Contractor Insurance"". Real trade workers, not corporate stock.","","","draft",""
"local-contractor-insurance-paterson-en-tiktok","tiktok","en","local","paterson","contractor-insurance","Paterson, NJ: here's what nobody explains about contractor insurance.

Paterson runs on small crews: two or three guys, one truck, and work that crosses county lines most days.

Questions? Message us and we connect you with a licensed agent.

https://example-placeholder.com/en/contractor-insurance-paterson

#Contractors #GeneralLiability #COI #NJInsurance #Bilingual

Not a licensed agency. We connect you with licensed NJ/NY agents. Educational info, not advice.","465","https://example-placeholder.com/en/contractor-insurance-paterson","true","video","Photo or graphic reading ""Paterson, NJ"" with ""Contractor Insurance"". Real trade workers, not corporate stock.","","HOOK (0-3s): ""Paterson runs on small crews: two or three guys, one truck, and work that crosses county lines most days.""
BODY (3-25s): explain the point with one concrete local example.
CLOSE (25-30s): ""We connect you with a licensed agent, free. Link in bio.""","draft",""
"local-cheap-auto-insurance-paterson-es-facebook","facebook","es","local","paterson","cheap-auto-insurance","Si trabajas o vives en Paterson, esto te toca.

En Paterson el carro no es opcional.

¿Dudas? Escríbenos por WhatsApp y te conectamos con un agente con licencia.

https://example-placeholder.com/es/seguro-de-auto-barato-en-paterson

#SeguroDeAuto #Aseguranza #AutoBarato #SegurosEnEspañol #NuevaJersey

No somos agencia con licencia. Te conectamos con agentes con licencia en NJ/NY. Info educativa, no asesoría.","411","https://example-placeholder.com/es/seguro-de-auto-barato-en-paterson","false","","","","","draft",""
"local-cheap-auto-insurance-paterson-es-instagram","instagram","es","local","paterson","cheap-auto-insurance","Si trabajas o vives en Paterson, esto te toca.

En Paterson el carro no es opcional.

¿Dudas? Escríbenos por WhatsApp y te conectamos con un agente con licencia.

https://example-placeholder.com/es/seguro-de-auto-barato-en-paterson

#SeguroDeAuto #Aseguranza #AutoBarato #SegurosEnEspañol #NuevaJersey

No somos agencia con licencia. Te conectamos con agentes con licencia en NJ/NY. Info educativa, no asesoría.","411","https://example-placeholder.com/es/seguro-de-auto-barato-en-paterson","true","image","Foto o gráfico con el nombre ""Paterson, NJ"" y el texto ""Seguro de Auto Barato"". Mostrar gente real de oficio, no stock corporativo.","","","draft",""
"local-cheap-auto-insurance-paterson-es-tiktok","tiktok","es","local","paterson","cheap-auto-insurance","Si trabajas o vives en Paterson, esto te toca.

En Paterson el carro no es opcional.

¿Dudas? Escríbenos por WhatsApp y te conectamos con un agente con licencia.

https://example-placeholder.com/es/seguro-de-auto-barato-en-paterson

#SeguroDeAuto #Aseguranza #AutoBarato #SegurosEnEspañol #NuevaJersey

No somos agencia con licencia. Te conectamos con agentes con licencia en NJ/NY. Info educativa, no asesoría.","411","https://example-placeholder.com/es/seguro-de-auto-barato-en-paterson","true","video","Foto o gráfico con el nombre ""Paterson, NJ"" y el texto ""Seguro de Auto Barato"". Mostrar gente real de oficio, no stock corporativo.","","GANCHO (0-3s): ""En Paterson el carro no es opcional.""
DESARROLLO (3-25s): explica el punto con un ejemplo concreto de la zona.
CIERRE (25-30s): ""Te conectamos gratis con un agente con licencia. Link en bio.""","draft",""
"local-cheap-auto-insurance-paterson-en-facebook","facebook","en","local","paterson","cheap-auto-insurance","Paterson, NJ: here's what nobody explains about cheap auto insurance.

In Paterson a car isn't optional.

We connect you with a licensed agent, free. Message us on WhatsApp.

https://example-placeholder.com/en/cheap-auto-insurance-paterson

#AutoInsurance #CarInsurance #NJInsurance #Bilingual

Not a licensed agency. We connect you with licensed NJ/NY agents. Educational info, not advice.","390","https://example-placeholder.com/en/cheap-auto-insurance-paterson","false","","","","","draft",""
"local-cheap-auto-insurance-paterson-en-instagram","instagram","en","local","paterson","cheap-auto-insurance","Paterson, NJ: here's what nobody explains about cheap auto insurance.

In Paterson a car isn't optional.

We connect you with a licensed agent, free. Message us on WhatsApp.

https://example-placeholder.com/en/cheap-auto-insurance-paterson

#AutoInsurance #CarInsurance #NJInsurance #Bilingual

Not a licensed agency. We connect you with licensed NJ/NY agents. Educational info, not advice.","390","https://example-placeholder.com/en/cheap-auto-insurance-paterson","true","image","Photo or graphic reading ""Paterson, NJ"" with ""Cheap Auto Insurance"". Real trade workers, not corporate stock.","","","draft",""
"local-cheap-auto-insurance-paterson-en-tiktok","tiktok","en","local","paterson","cheap-auto-insurance","Paterson, NJ: here's what nobody explains about cheap auto insurance.

In Paterson a car isn't optional.

We connect you with a licensed agent, free. Message us on WhatsApp.

https://example-placeholder.com/en/cheap-auto-insurance-paterson

#AutoInsurance #CarInsurance #NJInsurance #Bilingual

Not a licensed agency. We connect you with licensed NJ/NY agents. Educational info, not advice.","390","https://example-placeholder.com/en/cheap-auto-insurance-paterson","true","video","Photo or graphic reading ""Paterson, NJ"" with ""Cheap Auto Insurance"". Real trade workers, not corporate stock.","","HOOK (0-3s): ""In Paterson a car isn't optional.""
BODY (3-25s): explain the point with one concrete local example.
CLOSE (25-30s): ""We connect you with a licensed agent, free. Link in bio.""","draft",""
"local-renters-insurance-paterson-es-facebook","facebook","es","local","paterson","renters-insurance","Paterson, NJ: esto es lo que casi nadie te explica sobre seguro de inquilinos.

Gran parte de Paterson vive en casas multifamiliares de dos y tres pisos, muchas de antes de 1940.

¿Dudas? Escríbenos por WhatsApp y te conectamos con un agente con licencia.

https://example-placeholder.com/es/seguro-de-inquilinos-en-paterson

#SeguroDeInquilinos #Renta #SegurosEnEspañol #NuevaJersey

No somos agencia con licencia. Te conectamos con agentes con licencia en NJ/NY. Info educativa, no asesoría.","493","https://example-placeholder.com/es/seguro-de-inquilinos-en-paterson","false","","","","","draft",""
"local-renters-insurance-paterson-es-instagram","instagram","es","local","paterson","renters-insurance","Paterson, NJ: esto es lo que casi nadie te explica sobre seguro de inquilinos.

Gran parte de Paterson vive en casas multifamiliares de dos y tres pisos, muchas de antes de 1940.

¿Dudas? Escríbenos por WhatsApp y te conectamos con un agente con licencia.

https://example-placeholder.com/es/seguro-de-inquilinos-en-paterson

#SeguroDeInquilinos #Renta #SegurosEnEspañol #NuevaJersey

No somos agencia con licencia. Te conectamos con agentes con licencia en NJ/NY. Info educativa, no asesoría.","493","https://example-placeholder.com/es/seguro-de-inquilinos-en-paterson","true","image","Foto o gráfico con el nombre ""Paterson, NJ"" y el texto ""Seguro de Inquilinos"". Mostrar gente real de oficio, no stock corporativo.","","","draft",""
"local-renters-insurance-paterson-es-tiktok","tiktok","es","local","paterson","renters-insurance","Paterson, NJ: esto es lo que casi nadie te explica sobre seguro de inquilinos.

Gran parte de Paterson vive en casas multifamiliares de dos y tres pisos, muchas de antes de 1940.

¿Dudas? Escríbenos por WhatsApp y te conectamos con un agente con licencia.

https://example-placeholder.com/es/seguro-de-inquilinos-en-paterson

#SeguroDeInquilinos #Renta #SegurosEnEspañol #NuevaJersey

No somos agencia con licencia. Te conectamos con agentes con licencia en NJ/NY. Info educativa, no asesoría.","493","https://example-placeholder.com/es/seguro-de-inquilinos-en-paterson","true","video","Foto o gráfico con el nombre ""Paterson, NJ"" y el texto ""Seguro de Inquilinos"". Mostrar gente real de oficio, no stock corporativo.","","GANCHO (0-3s): ""Gran parte de Paterson vive en casas multifamiliares de dos y tres pisos, muchas de antes de 1940.""
DESARROLLO (3-25s): explica el punto con un ejemplo concreto de la zona.
CIERRE (25-30s): ""Te conectamos gratis con un agente con licencia. Link en bio.""","draft",""
"local-renters-insurance-paterson-en-facebook","facebook","en","local","paterson","renters-insurance","If you live or work in Paterson, this one's for you.

Much of Paterson lives in two- and three-family houses, many built before 1940.

Questions? Message us and we connect you with a licensed agent.

https://example-placeholder.com/en/renters-insurance-paterson

#RentersInsurance #Tenants #NJInsurance #Bilingual

Not a licensed agency. We connect you with licensed NJ/NY agents. Educational info, not advice.","410","https://example-placeholder.com/en/renters-insurance-paterson","false","","","","","draft",""
"local-renters-insurance-paterson-en-instagram","instagram","en","local","paterson","renters-insurance","If you live or work in Paterson, this one's for you.

Much of Paterson lives in two- and three-family houses, many built before 1940.

Questions? Message us and we connect you with a licensed agent.

https://example-placeholder.com/en/renters-insurance-paterson

#RentersInsurance #Tenants #NJInsurance #Bilingual

Not a licensed agency. We connect you with licensed NJ/NY agents. Educational info, not advice.","410","https://example-placeholder.com/en/renters-insurance-paterson","true","image","Photo or graphic reading ""Paterson, NJ"" with ""Renters Insurance"". Real trade workers, not corporate stock.","","","draft",""
"local-renters-insurance-paterson-en-tiktok","tiktok","en","local","paterson","renters-insurance","If you live or work in Paterson, this one's for you.

Much of Paterson lives in two- and three-family houses, many built before 1940.

Questions? Message us and we connect you with a licensed agent.

https://example-placeholder.com/en/renters-insurance-paterson

#RentersInsurance #Tenants #NJInsurance #Bilingual

Not a licensed agency. We connect you with licensed NJ/NY agents. Educational info, not advice.","410","https://example-placeholder.com/en/renters-insurance-paterson","true","video","Photo or graphic reading ""Paterson, NJ"" with ""Renters Insurance"". Real trade workers, not corporate stock.","","HOOK (0-3s): ""Much of Paterson lives in two- and three-family houses, many built before 1940.""
BODY (3-25s): explain the point with one concrete local example.
CLOSE (25-30s): ""We connect you with a licensed agent, free. Link in bio.""","draft",""
"local-workers-comp-paterson-es-facebook","facebook","es","local","paterson","workers-comp","Lo que más nos preguntan en Paterson sobre compensación laboral:

Si en Paterson tienes aunque sea un ayudante en la nómina, el workers' comp deja de ser opcional el primer día que trabaja.

Te conectamos gratis con un agente con licencia. Escríbenos por WhatsApp.

https://example-placeholder.com/es/compensacion-laboral-en-paterson

#CompensacionLaboral #WorkersComp #Negocios #SegurosEnEspañol #NuevaJersey

No somos agencia con licencia. Te conectamos con agentes con licencia en NJ/NY. Info educativa, no asesoría.","519","https://example-placeholder.com/es/compensacion-laboral-en-paterson","false","","","","","draft",""
"local-workers-comp-paterson-es-instagram","instagram","es","local","paterson","workers-comp","Lo que más nos preguntan en Paterson sobre compensación laboral:

Si en Paterson tienes aunque sea un ayudante en la nómina, el workers' comp deja de ser opcional el primer día que trabaja.

Te conectamos gratis con un agente con licencia. Escríbenos por WhatsApp.

https://example-placeholder.com/es/compensacion-laboral-en-paterson

#CompensacionLaboral #WorkersComp #Negocios #SegurosEnEspañol #NuevaJersey

No somos agencia con licencia. Te conectamos con agentes con licencia en NJ/NY. Info educativa, no asesoría.","519","https://example-placeholder.com/es/compensacion-laboral-en-paterson","true","image","Foto o gráfico con el nombre ""Paterson, NJ"" y el texto ""Compensación Laboral"". Mostrar gente real de oficio, no stock corporativo.","","","draft",""
"local-workers-comp-paterson-es-tiktok","tiktok","es","local","paterson","workers-comp","Lo que más nos preguntan en Paterson sobre compensación laboral:

Si en Paterson tienes aunque sea un ayudante en la nómina, el workers' comp deja de ser opcional el primer día que trabaja.

Te conectamos gratis con un agente con licencia. Escríbenos por WhatsApp.

https://example-placeholder.com/es/compensacion-laboral-en-paterson

#CompensacionLaboral #WorkersComp #Negocios #SegurosEnEspañol #NuevaJersey

No somos agencia con licencia. Te conectamos con agentes con licencia en NJ/NY. Info educativa, no asesoría.","519","https://example-placeholder.com/es/compensacion-laboral-en-paterson","true","video","Foto o gráfico con el nombre ""Paterson, NJ"" y el texto ""Compensación Laboral"". Mostrar gente real de oficio, no stock corporativo.","","GANCHO (0-3s): ""Si en Paterson tienes aunque sea un ayudante en la nómina, el workers' comp deja de ser opcional el primer día que trabaja.""
DESARROLLO (3-25s): explica el punto con un ejemplo concreto de la zona.
CIERRE (25-30s): ""Te conectamos gratis con un agente con licencia. Link en bio.""","draft",""
"local-workers-comp-paterson-en-facebook","facebook","en","local","paterson","workers-comp","If you live or work in Paterson, this one's for you.

If you have even one helper on payroll in Paterson, workers' comp stops being optional on their first day.

We connect you with a licensed agent, free. Message us on WhatsApp.

https://example-placeholder.com/en/workers-comp-paterson

#WorkersComp #SmallBusiness #NJInsurance #Bilingual

Not a licensed agency. We connect you with licensed NJ/NY agents. Educational info, not advice.","437","https://example-placeholder.com/en/workers-comp-paterson","false","","","","","draft",""
"local-workers-comp-paterson-en-instagram","instagram","en","local","paterson","workers-comp","If you live or work in Paterson, this one's for you.

If you have even one helper on payroll in Paterson, workers' comp stops being optional on their first day.

We connect you with a licensed agent, free. Message us on WhatsApp.

https://example-placeholder.com/en/workers-comp-paterson

#WorkersComp #SmallBusiness #NJInsurance #Bilingual

Not a licensed agency. We connect you with licensed NJ/NY agents. Educational info, not advice.","437","https://example-placeholder.com/en/workers-comp-paterson","true","image","Photo or graphic reading ""Paterson, NJ"" with ""Workers' Compensation"". Real trade workers, not corporate stock.","","","draft",""
"local-workers-comp-paterson-en-tiktok","tiktok","en","local","paterson","workers-comp","If you live or work in Paterson, this one's for you.

If you have even one helper on payroll in Paterson, workers' comp stops being optional on their first day.

We connect you with a licensed agent, free. Message us on WhatsApp.

https://example-placeholder.com/en/workers-comp-paterson

#WorkersComp #SmallBusiness #NJInsurance #Bilingual

Not a licensed agency. We connect you with licensed NJ/NY agents. Educational info, not advice.","437","https://example-placeholder.com/en/workers-comp-paterson","true","video","Photo or graphic reading ""Paterson, NJ"" with ""Workers' Compensation"". Real trade workers, not corporate stock.","","HOOK (0-3s): ""If you have even one helper on payroll in Paterson, workers' comp stops being optional on their first day.""
BODY (3-25s): explain the point with one concrete local example.
CLOSE (25-30s): ""We connect you with a licensed agent, free. Link in bio.""","draft",""
"local-contractor-insurance-passaic-es-facebook","facebook","es","local","passaic","contractor-insurance","Passaic, NJ: esto es lo que casi nadie te explica sobre seguro para contratistas.

En Passaic el trabajo de remodelación se concentra en edificios viejos de ladrillo y casas multifamiliares divididas.

¿Dudas? Escríbenos por WhatsApp y te conectamos con un agente con licencia.

https://example-placeholder.com/es/seguro-para-contratistas-en-passaic

#Contratistas #SeguroDeContratista #COI #SegurosEnEspañol #NuevaJersey

No somos agencia con licencia. Te conectamos con agentes con licencia en NJ/NY. Info educativa, no asesoría.","531","https://example-placeholder.com/es/seguro-para-contratistas-en-passaic","false","","","","","draft",""
"local-contractor-insurance-passaic-es-instagram","instagram","es","local","passaic","contractor-insurance","Passaic, NJ: esto es lo que casi nadie te explica sobre seguro para contratistas.

En Passaic el trabajo de remodelación se concentra en edificios viejos de ladrillo y casas multifamiliares divididas.

¿Dudas? Escríbenos por WhatsApp y te conectamos con un agente con licencia.

https://example-placeholder.com/es/seguro-para-contratistas-en-passaic

#Contratistas #SeguroDeContratista #COI #SegurosEnEspañol #NuevaJersey

No somos agencia con licencia. Te conectamos con agentes con licencia en NJ/NY. Info educativa, no asesoría.","531","https://example-placeholder.com/es/seguro-para-contratistas-en-passaic","true","image","Foto o gráfico con el nombre ""Passaic, NJ"" y el texto ""Seguro para Contratistas"". Mostrar gente real de oficio, no stock corporativo.","","","draft",""
"local-contractor-insurance-passaic-es-tiktok","tiktok","es","local","passaic","contractor-insurance","Passaic, NJ: esto es lo que casi nadie te explica sobre seguro para contratistas.

En Passaic el trabajo de remodelación se concentra en edificios viejos de ladrillo y casas multifamiliares divididas.

¿Dudas? Escríbenos por WhatsApp y te conectamos con un agente con licencia.

https://example-placeholder.com/es/seguro-para-contratistas-en-passaic

#Contratistas #SeguroDeContratista #COI #SegurosEnEspañol #NuevaJersey

No somos agencia con licencia. Te conectamos con agentes con licencia en NJ/NY. Info educativa, no asesoría.","531","https://example-placeholder.com/es/seguro-para-contratistas-en-passaic","true","video","Foto o gráfico con el nombre ""Passaic, NJ"" y el texto ""Seguro para Contratistas"". Mostrar gente real de oficio, no stock corporativo.","","GANCHO (0-3s): ""En Passaic el trabajo de remodelación se concentra en edificios viejos de ladrillo y casas multifamiliares divididas.""
DESARROLLO (3-25s): explica el punto con un ejemplo concreto de la zona.
CIERRE (25-30s): ""Te conectamos gratis con un agente con licencia. Link en bio.""","draft",""
"local-contractor-insurance-passaic-en-facebook","facebook","en","local","passaic","contractor-insurance","Passaic, NJ: here's what nobody explains about contractor insurance.

Passaic remodeling work concentrates in old brick buildings and subdivided multifamily houses.

Full explanation here, no cost:

https://example-placeholder.com/en/contractor-insurance-passaic

#Contractors #GeneralLiability #COI #NJInsurance #Bilingual

Not a licensed agency. We connect you with licensed NJ/NY agents. Educational info, not advice.","420","https://example-placeholder.com/en/contractor-insurance-passaic","false","","","","","draft",""
"local-contractor-insurance-passaic-en-instagram","instagram","en","local","passaic","contractor-insurance","Passaic, NJ: here's what nobody explains about contractor insurance.

Passaic remodeling work concentrates in old brick buildings and subdivided multifamily houses.

Full explanation here, no cost:

https://example-placeholder.com/en/contractor-insurance-passaic

#Contractors #GeneralLiability #COI #NJInsurance #Bilingual

Not a licensed agency. We connect you with licensed NJ/NY agents. Educational info, not advice.","420","https://example-placeholder.com/en/contractor-insurance-passaic","true","image","Photo or graphic reading ""Passaic, NJ"" with ""Contractor Insurance"". Real trade workers, not corporate stock.","","","draft",""
"local-contractor-insurance-passaic-en-tiktok","tiktok","en","local","passaic","contractor-insurance","Passaic, NJ: here's what nobody explains about contractor insurance.

Passaic remodeling work concentrates in old brick buildings and subdivided multifamily houses.

Full explanation here, no cost:

https://example-placeholder.com/en/contractor-insurance-passaic

#Contractors #GeneralLiability #COI #NJInsurance #Bilingual

Not a licensed agency. We connect you with licensed NJ/NY agents. Educational info, not advice.","420","https://example-placeholder.com/en/contractor-insurance-passaic","true","video","Photo or graphic reading ""Passaic, NJ"" with ""Contractor Insurance"". Real trade workers, not corporate stock.","","HOOK (0-3s): ""Passaic remodeling work concentrates in old brick buildings and subdivided multifamily houses.""
BODY (3-25s): explain the point with one concrete local example.
CLOSE (25-30s): ""We connect you with a licensed agent, free. Link in bio.""","draft",""
"local-cheap-auto-insurance-passaic-es-facebook","facebook","es","local","passaic","cheap-auto-insurance","Si trabajas o vives en Passaic, esto te toca.

Con más de 70,000 personas en poco más de tres millas cuadradas, Passaic tiene estacionamiento en la calle, tráfico lento y golpes de espejo constantes.

Lo explicamos completo aquí, en español, sin costo:

https://example-placeholder.com/es/seguro-de-auto-barato-en-passaic

#SeguroDeAuto #Aseguranza #AutoBarato #SegurosEnEspañol #NuevaJersey

No somos agencia con licencia. Te conectamos con agentes con licencia en NJ/NY. Info educativa, no asesoría.","501","https://example-placeholder.com/es/seguro-de-auto-barato-en-passaic","false","","","","","draft",""
"local-cheap-auto-insurance-passaic-es-instagram","instagram","es","local","passaic","cheap-auto-insurance","Si trabajas o vives en Passaic, esto te toca.

Con más de 70,000 personas en poco más de tres millas cuadradas, Passaic tiene estacionamiento en la calle, tráfico lento y golpes de espejo constantes.

Lo explicamos completo aquí, en español, sin costo:

https://example-placeholder.com/es/seguro-de-auto-barato-en-passaic

#SeguroDeAuto #Aseguranza #AutoBarato #SegurosEnEspañol #NuevaJersey

No somos agencia con licencia. Te conectamos con agentes con licencia en NJ/NY. Info educativa, no asesoría.","501","https://example-placeholder.com/es/seguro-de-auto-barato-en-passaic","true","image","Foto o gráfico con el nombre ""Passaic, NJ"" y el texto ""Seguro de Auto Barato"". Mostrar gente real de oficio, no stock corporativo.","","","draft",""
"local-cheap-auto-insurance-passaic-es-tiktok","tiktok","es","local","passaic","cheap-auto-insurance","Si trabajas o vives en Passaic, esto te toca.

Con más de 70,000 personas en poco más de tres millas cuadradas, Passaic tiene estacionamiento en la calle, tráfico lento y golpes de espejo constantes.

Lo explicamos completo aquí, en español, sin costo:

https://example-placeholder.com/es/seguro-de-auto-barato-en-passaic

#SeguroDeAuto #Aseguranza #AutoBarato #SegurosEnEspañol #NuevaJersey

No somos agencia con licencia. Te conectamos con agentes con licencia en NJ/NY. Info educativa, no asesoría.","501","https://example-placeholder.com/es/seguro-de-auto-barato-en-passaic","true","video","Foto o gráfico con el nombre ""Passaic, NJ"" y el texto ""Seguro de Auto Barato"". Mostrar gente real de oficio, no stock corporativo.","","GANCHO (0-3s): ""Con más de 70,000 personas en poco más de tres millas cuadradas, Passaic tiene estacionamiento en la calle, tráfico lento y golpes de espejo constantes.""
DESARROLLO (3-25s): explica el punto con un ejemplo concreto de la zona.
CIERRE (25-30s): ""Te conectamos gratis con un agente con licencia. Link en bio.""","draft",""
"local-cheap-auto-insurance-passaic-en-facebook","facebook","en","local","passaic","cheap-auto-insurance","If you live or work in Passaic, this one's for you.

With over 70,000 people in barely three square miles, Passaic means street parking, slow traffic and constant mirror clips.

Full explanation here, no cost:

https://example-placeholder.com/en/cheap-auto-insurance-passaic

#AutoInsurance #CarInsurance #NJInsurance #Bilingual

Not a licensed agency. We connect you with licensed NJ/NY agents. Educational info, not advice.","425","https://example-placeholder.com/en/cheap-auto-insurance-passaic","false","","","","","draft",""
"local-cheap-auto-insurance-passaic-en-instagram","instagram","en","local","passaic","cheap-auto-insurance","If you live or work in Passaic, this one's for you.

With over 70,000 people in barely three square miles, Passaic means street parking, slow traffic and constant mirror clips.

Full explanation here, no cost:

https://example-placeholder.com/en/cheap-auto-insurance-passaic

#AutoInsurance #CarInsurance #NJInsurance #Bilingual

Not a licensed agency. We connect you with licensed NJ/NY agents. Educational info, not advice.","425","https://example-placeholder.com/en/cheap-auto-insurance-passaic","true","image","Photo or graphic reading ""Passaic, NJ"" with ""Cheap Auto Insurance"". Real trade workers, not corporate stock.","","","draft",""
"local-cheap-auto-insurance-passaic-en-tiktok","tiktok","en","local","passaic","cheap-auto-insurance","If you live or work in Passaic, this one's for you.

With over 70,000 people in barely three square miles, Passaic means street parking, slow traffic and constant mirror clips.

Full explanation here, no cost:

https://example-placeholder.com/en/cheap-auto-insurance-passaic

#AutoInsurance #CarInsurance #NJInsurance #Bilingual

Not a licensed agency. We connect you with licensed NJ/NY agents. Educational info, not advice.","425","https://example-placeholder.com/en/cheap-auto-insurance-passaic","true","video","Photo or graphic reading ""Passaic, NJ"" with ""Cheap Auto Insurance"". Real trade workers, not corporate stock.","","HOOK (0-3s): ""With over 70,000 people in barely three square miles, Passaic means street parking, slow traffic and constant mirror clips.""
BODY (3-25s): explain the point with one concrete local example.
CLOSE (25-30s): ""We connect you with a licensed agent, free. Link in bio.""","draft",""
"local-renters-insurance-passaic-es-facebook","facebook","es","local","passaic","renters-insurance","Lo que más nos preguntan en Passaic sobre seguro de inquilinos:

Passaic es mayoritariamente de inquilinos, y mucho del inventario son apartamentos en edificios de tres y cuatro pisos compartiendo paredes y tuberías.

¿Dudas? Escríbenos por WhatsApp y te conectamos con un agente con licencia.

https://example-placeholder.com/es/seguro-de-inquilinos-en-passaic

#SeguroDeInquilinos #Renta #SegurosEnEspañol #NuevaJersey

No somos agencia con licencia. Te conectamos con agentes con licencia en NJ/NY. Info educativa, no asesoría.","530","https://example-placeholder.com/es/seguro-de-inquilinos-en-passaic","false","","","","","draft",""
"local-renters-insurance-passaic-es-instagram","instagram","es","local","passaic","renters-insurance","Lo que más nos preguntan en Passaic sobre seguro de inquilinos:

Passaic es mayoritariamente de inquilinos, y mucho del inventario son apartamentos en edificios de tres y cuatro pisos compartiendo paredes y tuberías.

¿Dudas? Escríbenos por WhatsApp y te conectamos con un agente con licencia.

https://example-placeholder.com/es/seguro-de-inquilinos-en-passaic

#SeguroDeInquilinos #Renta #SegurosEnEspañol #NuevaJersey

No somos agencia con licencia. Te conectamos con agentes con licencia en NJ/NY. Info educativa, no asesoría.","530","https://example-placeholder.com/es/seguro-de-inquilinos-en-passaic","true","image","Foto o gráfico con el nombre ""Passaic, NJ"" y el texto ""Seguro de Inquilinos"". Mostrar gente real de oficio, no stock corporativo.","","","draft",""
"local-renters-insurance-passaic-es-tiktok","tiktok","es","local","passaic","renters-insurance","Lo que más nos preguntan en Passaic sobre seguro de inquilinos:

Passaic es mayoritariamente de inquilinos, y mucho del inventario son apartamentos en edificios de tres y cuatro pisos compartiendo paredes y tuberías.

¿Dudas? Escríbenos por WhatsApp y te conectamos con un agente con licencia.

https://example-placeholder.com/es/seguro-de-inquilinos-en-passaic

#SeguroDeInquilinos #Renta #SegurosEnEspañol #NuevaJersey

No somos agencia con licencia. Te conectamos con agentes con licencia en NJ/NY. Info educativa, no asesoría.","530","https://example-placeholder.com/es/seguro-de-inquilinos-en-passaic","true","video","Foto o gráfico con el nombre ""Passaic, NJ"" y el texto ""Seguro de Inquilinos"". Mostrar gente real de oficio, no stock corporativo.","","GANCHO (0-3s): ""Passaic es mayoritariamente de inquilinos, y mucho del inventario son apartamentos en edificios de tres y cuatro pisos compartiendo paredes y tuberías.""
DESARROLLO (3-25s): explica el punto con un ejemplo concreto de la zona.
CIERRE (25-30s): ""Te conectamos gratis con un agente con licencia. Link en bio.""","draft",""
"local-renters-insurance-passaic-en-facebook","facebook","en","local","passaic","renters-insurance","The question we get most in Passaic about renters insurance:

Passaic is majority-renter, and much of the stock is apartments in three- and four-story buildings sharing walls and plumbing.

Full explanation here, no cost:

https://example-placeholder.com/en/renters-insurance-passaic

#RentersInsurance #Tenants #NJInsurance #Bilingual

Not a licensed agency. We connect you with licensed NJ/NY agents. Educational info, not advice.","432","https://example-placeholder.com/en/renters-insurance-passaic","false","","","","","draft",""
"local-renters-insurance-passaic-en-instagram","instagram","en","local","passaic","renters-insurance","The question we get most in Passaic about renters insurance:

Passaic is majority-renter, and much of the stock is apartments in three- and four-story buildings sharing walls and plumbing.

Full explanation here, no cost:

https://example-placeholder.com/en/renters-insurance-passaic

#RentersInsurance #Tenants #NJInsurance #Bilingual

Not a licensed agency. We connect you with licensed NJ/NY agents. Educational info, not advice.","432","https://example-placeholder.com/en/renters-insurance-passaic","true","image","Photo or graphic reading ""Passaic, NJ"" with ""Renters Insurance"". Real trade workers, not corporate stock.","","","draft",""
"local-renters-insurance-passaic-en-tiktok","tiktok","en","local","passaic","renters-insurance","The question we get most in Passaic about renters insurance:

Passaic is majority-renter, and much of the stock is apartments in three- and four-story buildings sharing walls and plumbing.

Full explanation here, no cost:

https://example-placeholder.com/en/renters-insurance-passaic

#RentersInsurance #Tenants #NJInsurance #Bilingual

Not a licensed agency. We connect you with licensed NJ/NY agents. Educational info, not advice.","432","https://example-placeholder.com/en/renters-insurance-passaic","true","video","Photo or graphic reading ""Passaic, NJ"" with ""Renters Insurance"". Real trade workers, not corporate stock.","","HOOK (0-3s): ""Passaic is majority-renter, and much of the stock is apartments in three- and four-story buildings sharing walls and plumbing.""
BODY (3-25s): explain the point with one concrete local example.
CLOSE (25-30s): ""We connect you with a licensed agent, free. Link in bio.""","draft",""
"local-workers-comp-passaic-es-facebook","facebook","es","local","passaic","workers-comp","Passaic, NJ: esto es lo que casi nadie te explica sobre compensación laboral.

Passaic tiene mucha actividad de almacén, distribución y textil además de construcción.

Te conectamos gratis con un agente con licencia. Escríbenos por WhatsApp.

https://example-placeholder.com/es/compensacion-laboral-en-passaic

#CompensacionLaboral #WorkersComp #Negocios #SegurosEnEspañol #NuevaJersey

No somos agencia con licencia. Te conectamos con agentes con licencia en NJ/NY. Info educativa, no asesoría.","495","https://example-placeholder.com/es/compensacion-laboral-en-passaic","false","","","","","draft",""
"local-workers-comp-passaic-es-instagram","instagram","es","local","passaic","workers-comp","Passaic, NJ: esto es lo que casi nadie te explica sobre compensación laboral.

Passaic tiene mucha actividad de almacén, distribución y textil además de construcción.

Te conectamos gratis con un agente con licencia. Escríbenos por WhatsApp.

https://example-placeholder.com/es/compensacion-laboral-en-passaic

#CompensacionLaboral #WorkersComp #Negocios #SegurosEnEspañol #NuevaJersey

No somos agencia con licencia. Te conectamos con agentes con licencia en NJ/NY. Info educativa, no asesoría.","495","https://example-placeholder.com/es/compensacion-laboral-en-passaic","true","image","Foto o gráfico con el nombre ""Passaic, NJ"" y el texto ""Compensación Laboral"". Mostrar gente real de oficio, no stock corporativo.","","","draft",""
"local-workers-comp-passaic-es-tiktok","tiktok","es","local","passaic","workers-comp","Passaic, NJ: esto es lo que casi nadie te explica sobre compensación laboral.

Passaic tiene mucha actividad de almacén, distribución y textil además de construcción.

Te conectamos gratis con un agente con licencia. Escríbenos por WhatsApp.

https://example-placeholder.com/es/compensacion-laboral-en-passaic

#CompensacionLaboral #WorkersComp #Negocios #SegurosEnEspañol #NuevaJersey

No somos agencia con licencia. Te conectamos con agentes con licencia en NJ/NY. Info educativa, no asesoría.","495","https://example-placeholder.com/es/compensacion-laboral-en-passaic","true","video","Foto o gráfico con el nombre ""Passaic, NJ"" y el texto ""Compensación Laboral"". Mostrar gente real de oficio, no stock corporativo.","","GANCHO (0-3s): ""Passaic tiene mucha actividad de almacén, distribución y textil además de construcción.""
DESARROLLO (3-25s): explica el punto con un ejemplo concreto de la zona.
CIERRE (25-30s): ""Te conectamos gratis con un agente con licencia. Link en bio.""","draft",""
"local-workers-comp-passaic-en-facebook","facebook","en","local","passaic","workers-comp","The question we get most in Passaic about workers' compensation:

Passaic has significant warehouse, distribution and textile activity alongside construction.

Full explanation here, no cost:

https://example-placeholder.com/en/workers-comp-passaic

#WorkersComp #SmallBusiness #NJInsurance #Bilingual

Not a licensed agency. We connect you with licensed NJ/NY agents. Educational info, not advice.","398","https://example-placeholder.com/en/workers-comp-passaic","false","","","","","draft",""
"local-workers-comp-passaic-en-instagram","instagram","en","local","passaic","workers-comp","The question we get most in Passaic about workers' compensation:

Passaic has significant warehouse, distribution and textile activity alongside construction.

Full explanation here, no cost:

https://example-placeholder.com/en/workers-comp-passaic

#WorkersComp #SmallBusiness #NJInsurance #Bilingual

Not a licensed agency. We connect you with licensed NJ/NY agents. Educational info, not advice.","398","https://example-placeholder.com/en/workers-comp-passaic","true","image","Photo or graphic reading ""Passaic, NJ"" with ""Workers' Compensation"". Real trade workers, not corporate stock.","","","draft",""
"local-workers-comp-passaic-en-tiktok","tiktok","en","local","passaic","workers-comp","The question we get most in Passaic about workers' compensation:

Passaic has significant warehouse, distribution and textile activity alongside construction.

Full explanation here, no cost:

https://example-placeholder.com/en/workers-comp-passaic

#WorkersComp #SmallBusiness #NJInsurance #Bilingual

Not a licensed agency. We connect you with licensed NJ/NY agents. Educational info, not advice.","398","https://example-placeholder.com/en/workers-comp-passaic","true","video","Photo or graphic reading ""Passaic, NJ"" with ""Workers' Compensation"". Real trade workers, not corporate stock.","","HOOK (0-3s): ""Passaic has significant warehouse, distribution and textile activity alongside construction.""
BODY (3-25s): explain the point with one concrete local example.
CLOSE (25-30s): ""We connect you with a licensed agent, free. Link in bio.""","draft",""
"local-contractor-insurance-elizabeth-es-facebook","facebook","es","local","elizabeth","contractor-insurance","Si trabajas o vives en Elizabeth, esto te toca.

Elizabeth está pegada al puerto de Newark-Elizabeth, y eso arrastra trabajo comercial: bodegas, locales, oficinas.

Te conectamos gratis con un agente con licencia. Escríbenos por WhatsApp.

https://example-placeholder.com/es/seguro-para-contratistas-en-elizabeth

#Contratistas #SeguroDeContratista #COI #SegurosEnEspañol #NuevaJersey

No somos agencia con licencia. Te conectamos con agentes con licencia en NJ/NY. Info educativa, no asesoría.","494","https://example-placeholder.com/es/seguro-para-contratistas-en-elizabeth","false","","","","","draft",""
"local-contractor-insurance-elizabeth-es-instagram","instagram","es","local","elizabeth","contractor-insurance","Si trabajas o vives en Elizabeth, esto te toca.

Elizabeth está pegada al puerto de Newark-Elizabeth, y eso arrastra trabajo comercial: bodegas, locales, oficinas.

Te conectamos gratis con un agente con licencia. Escríbenos por WhatsApp.

https://example-placeholder.com/es/seguro-para-contratistas-en-elizabeth

#Contratistas #SeguroDeContratista #COI #SegurosEnEspañol #NuevaJersey

No somos agencia con licencia. Te conectamos con agentes con licencia en NJ/NY. Info educativa, no asesoría.","494","https://example-placeholder.com/es/seguro-para-contratistas-en-elizabeth","true","image","Foto o gráfico con el nombre ""Elizabeth, NJ"" y el texto ""Seguro para Contratistas"". Mostrar gente real de oficio, no stock corporativo.","","","draft",""
"local-contractor-insurance-elizabeth-es-tiktok","tiktok","es","local","elizabeth","contractor-insurance","Si trabajas o vives en Elizabeth, esto te toca.

Elizabeth está pegada al puerto de Newark-Elizabeth, y eso arrastra trabajo comercial: bodegas, locales, oficinas.

Te conectamos gratis con un agente con licencia. Escríbenos por WhatsApp.

https://example-placeholder.com/es/seguro-para-contratistas-en-elizabeth

#Contratistas #SeguroDeContratista #COI #SegurosEnEspañol #NuevaJersey

No somos agencia con licencia. Te conectamos con agentes con licencia en NJ/NY. Info educativa, no asesoría.","494","https://example-placeholder.com/es/seguro-para-contratistas-en-elizabeth","true","video","Foto o gráfico con el nombre ""Elizabeth, NJ"" y el texto ""Seguro para Contratistas"". Mostrar gente real de oficio, no stock corporativo.","","GANCHO (0-3s): ""Elizabeth está pegada al puerto de Newark-Elizabeth, y eso arrastra trabajo comercial: bodegas, locales, oficinas.""
DESARROLLO (3-25s): explica el punto con un ejemplo concreto de la zona.
CIERRE (25-30s): ""Te conectamos gratis con un agente con licencia. Link en bio.""","draft",""
"local-contractor-insurance-elizabeth-en-facebook","facebook","en","local","elizabeth","contractor-insurance","If you live or work in Elizabeth, this one's for you.

Elizabeth sits against the Newark-Elizabeth port, which pulls in commercial work: warehouses, storefronts, offices.

We connect you with a licensed agent, free. Message us on WhatsApp.

https://example-placeholder.com/en/contractor-insurance-elizabeth

#Contractors #GeneralLiability #COI #NJInsurance #Bilingual

Not a licensed agency. We connect you with licensed NJ/NY agents. Educational info, not advice.","464","https://example-placeholder.com/en/contractor-insurance-elizabeth","false","","","","","draft",""
"local-contractor-insurance-elizabeth-en-instagram","instagram","en","local","elizabeth","contractor-insurance","If you live or work in Elizabeth, this one's for you.

Elizabeth sits against the Newark-Elizabeth port, which pulls in commercial work: warehouses, storefronts, offices.

We connect you with a licensed agent, free. Message us on WhatsApp.

https://example-placeholder.com/en/contractor-insurance-elizabeth

#Contractors #GeneralLiability #COI #NJInsurance #Bilingual

Not a licensed agency. We connect you with licensed NJ/NY agents. Educational info, not advice.","464","https://example-placeholder.com/en/contractor-insurance-elizabeth","true","image","Photo or graphic reading ""Elizabeth, NJ"" with ""Contractor Insurance"". Real trade workers, not corporate stock.","","","draft",""
"local-contractor-insurance-elizabeth-en-tiktok","tiktok","en","local","elizabeth","contractor-insurance","If you live or work in Elizabeth, this one's for you.

Elizabeth sits against the Newark-Elizabeth port, which pulls in commercial work: warehouses, storefronts, offices.

We connect you with a licensed agent, free. Message us on WhatsApp.

https://example-placeholder.com/en/contractor-insurance-elizabeth

#Contractors #GeneralLiability #COI #NJInsurance #Bilingual

Not a licensed agency. We connect you with licensed NJ/NY agents. Educational info, not advice.","464","https://example-placeholder.com/en/contractor-insurance-elizabeth","true","video","Photo or graphic reading ""Elizabeth, NJ"" with ""Contractor Insurance"". Real trade workers, not corporate stock.","","HOOK (0-3s): ""Elizabeth sits against the Newark-Elizabeth port, which pulls in commercial work: warehouses, storefronts, offices.""
BODY (3-25s): explain the point with one concrete local example.
CLOSE (25-30s): ""We connect you with a licensed agent, free. Link in bio.""","draft",""
"local-cheap-auto-insurance-elizabeth-es-facebook","facebook","es","local","elizabeth","cheap-auto-insurance","Lo que más nos preguntan en Elizabeth sobre seguro de auto barato:

En Elizabeth muchísima gente usa el carro para trabajar: llevar herramienta, hacer entregas, manejar para apps.

Lo explicamos completo aquí, en español, sin costo:

https://example-placeholder.com/es/seguro-de-auto-barato-en-elizabeth

#SeguroDeAuto #Aseguranza #AutoBarato #SegurosEnEspañol #NuevaJersey

No somos agencia con licencia. Te conectamos con agentes con licencia en NJ/NY. Info educativa, no asesoría.","483","https://example-placeholder.com/es/seguro-de-auto-barato-en-elizabeth","false","","","","","draft",""
"local-cheap-auto-insurance-elizabeth-es-instagram","instagram","es","local","elizabeth","cheap-auto-insurance","Lo que más nos preguntan en Elizabeth sobre seguro de auto barato:

En Elizabeth muchísima gente usa el carro para trabajar: llevar herramienta, hacer entregas, manejar para apps.

Lo explicamos completo aquí, en español, sin costo:

https://example-placeholder.com/es/seguro-de-auto-barato-en-elizabeth

#SeguroDeAuto #Aseguranza #AutoBarato #SegurosEnEspañol #NuevaJersey

No somos agencia con licencia. Te conectamos con agentes con licencia en NJ/NY. Info educativa, no asesoría.","483","https://example-placeholder.com/es/seguro-de-auto-barato-en-elizabeth","true","image","Foto o gráfico con el nombre ""Elizabeth, NJ"" y el texto ""Seguro de Auto Barato"". Mostrar gente real de oficio, no stock corporativo.","","","draft",""
"local-cheap-auto-insurance-elizabeth-es-tiktok","tiktok","es","local","elizabeth","cheap-auto-insurance","Lo que más nos preguntan en Elizabeth sobre seguro de auto barato:

En Elizabeth muchísima gente usa el carro para trabajar: llevar herramienta, hacer entregas, manejar para apps.

Lo explicamos completo aquí, en español, sin costo:

https://example-placeholder.com/es/seguro-de-auto-barato-en-elizabeth

#SeguroDeAuto #Aseguranza #AutoBarato #SegurosEnEspañol #NuevaJersey

No somos agencia con licencia. Te conectamos con agentes con licencia en NJ/NY. Info educativa, no asesoría.","483","https://example-placeholder.com/es/seguro-de-auto-barato-en-elizabeth","true","video","Foto o gráfico con el nombre ""Elizabeth, NJ"" y el texto ""Seguro de Auto Barato"". Mostrar gente real de oficio, no stock corporativo.","","GANCHO (0-3s): ""En Elizabeth muchísima gente usa el carro para trabajar: llevar herramienta, hacer entregas, manejar para apps.""
DESARROLLO (3-25s): explica el punto con un ejemplo concreto de la zona.
CIERRE (25-30s): ""Te conectamos gratis con un agente con licencia. Link en bio.""","draft",""
"local-cheap-auto-insurance-elizabeth-en-facebook","facebook","en","local","elizabeth","cheap-auto-insurance","The question we get most in Elizabeth about cheap auto insurance:

In Elizabeth a huge number of people use the car for work: hauling tools, making deliveries, driving for apps.

We connect you with a licensed agent, free. Message us on WhatsApp.

https://example-placeholder.com/en/cheap-auto-insurance-elizabeth

#AutoInsurance #CarInsurance #NJInsurance #Bilingual

Not a licensed agency. We connect you with licensed NJ/NY agents. Educational info, not advice.","464","https://example-placeholder.com/en/cheap-auto-insurance-elizabeth","false","","","","","draft",""
"local-cheap-auto-insurance-elizabeth-en-instagram","instagram","en","local","elizabeth","cheap-auto-insurance","The question we get most in Elizabeth about cheap auto insurance:

In Elizabeth a huge number of people use the car for work: hauling tools, making deliveries, driving for apps.

We connect you with a licensed agent, free. Message us on WhatsApp.

https://example-placeholder.com/en/cheap-auto-insurance-elizabeth

#AutoInsurance #CarInsurance #NJInsurance #Bilingual

Not a licensed agency. We connect you with licensed NJ/NY agents. Educational info, not advice.","464","https://example-placeholder.com/en/cheap-auto-insurance-elizabeth","true","image","Photo or graphic reading ""Elizabeth, NJ"" with ""Cheap Auto Insurance"". Real trade workers, not corporate stock.","","","draft",""
"local-cheap-auto-insurance-elizabeth-en-tiktok","tiktok","en","local","elizabeth","cheap-auto-insurance","The question we get most in Elizabeth about cheap auto insurance:

In Elizabeth a huge number of people use the car for work: hauling tools, making deliveries, driving for apps.

We connect you with a licensed agent, free. Message us on WhatsApp.

https://example-placeholder.com/en/cheap-auto-insurance-elizabeth

#AutoInsurance #CarInsurance #NJInsurance #Bilingual

Not a licensed agency. We connect you with licensed NJ/NY agents. Educational info, not advice.","464","https://example-placeholder.com/en/cheap-auto-insurance-elizabeth","true","video","Photo or graphic reading ""Elizabeth, NJ"" with ""Cheap Auto Insurance"". Real trade workers, not corporate stock.","","HOOK (0-3s): ""In Elizabeth a huge number of people use the car for work: hauling tools, making deliveries, driving for apps.""
BODY (3-25s): explain the point with one concrete local example.
CLOSE (25-30s): ""We connect you with a licensed agent, free. Link in bio.""","draft",""
"local-renters-insurance-elizabeth-es-facebook","facebook","es","local","elizabeth","renters-insurance","Si trabajas o vives en Elizabeth, esto te toca.

Elizabeth tiene mucho edificio de apartamentos grande, y ahí los landlords institucionales sí exigen seguro de inquilino en el lease, con límite de responsabilidad específico.

Lo explicamos completo aquí, en español, sin costo:

https://example-placeholder.com/es/seguro-de-inquilinos-en-elizabeth

#SeguroDeInquilinos #Renta #SegurosEnEspañol #NuevaJersey

No somos agencia con licencia. Te conectamos con agentes con licencia en NJ/NY. Info educativa, no asesoría.","516","https://example-placeholder.com/es/seguro-de-inquilinos-en-elizabeth","false","","","","","draft",""
"local-renters-insurance-elizabeth-es-instagram","instagram","es","local","elizabeth","renters-insurance","Si trabajas o vives en Elizabeth, esto te toca.

Elizabeth tiene mucho edificio de apartamentos grande, y ahí los landlords institucionales sí exigen seguro de inquilino en el lease, con límite de responsabilidad específico.

Lo explicamos completo aquí, en español, sin costo:

https://example-placeholder.com/es/seguro-de-inquilinos-en-elizabeth

#SeguroDeInquilinos #Renta #SegurosEnEspañol #NuevaJersey

No somos agencia con licencia. Te conectamos con agentes con licencia en NJ/NY. Info educativa, no asesoría.","516","https://example-placeholder.com/es/seguro-de-inquilinos-en-elizabeth","true","image","Foto o gráfico con el nombre ""Elizabeth, NJ"" y el texto ""Seguro de Inquilinos"". Mostrar gente real de oficio, no stock corporativo.","","","draft",""
"local-renters-insurance-elizabeth-es-tiktok","tiktok","es","local","elizabeth","renters-insurance","Si trabajas o vives en Elizabeth, esto te toca.

Elizabeth tiene mucho edificio de apartamentos grande, y ahí los landlords institucionales sí exigen seguro de inquilino en el lease, con límite de responsabilidad específico.

Lo explicamos completo aquí, en español, sin costo:

https://example-placeholder.com/es/seguro-de-inquilinos-en-elizabeth

#SeguroDeInquilinos #Renta #SegurosEnEspañol #NuevaJersey

No somos agencia con licencia. Te conectamos con agentes con licencia en NJ/NY. Info educativa, no asesoría.","516","https://example-placeholder.com/es/seguro-de-inquilinos-en-elizabeth","true","video","Foto o gráfico con el nombre ""Elizabeth, NJ"" y el texto ""Seguro de Inquilinos"". Mostrar gente real de oficio, no stock corporativo.","","GANCHO (0-3s): ""Elizabeth tiene mucho edificio de apartamentos grande, y ahí los landlords institucionales sí exigen seguro de inquilino en el lease, con límite de responsabilidad específico.""
DESARROLLO (3-25s): explica el punto con un ejemplo concreto de la zona.
CIERRE (25-30s): ""Te conectamos gratis con un agente con licencia. Link en bio.""","draft",""
"local-renters-insurance-elizabeth-en-facebook","facebook","en","local","elizabeth","renters-insurance","Elizabeth, NJ: here's what nobody explains about renters insurance.

Elizabeth has a lot of large apartment buildings, and institutional landlords there do require renters insurance in the lease with a specific liability limit.

We connect you with a licensed agent, free. Message us on WhatsApp.

https://example-placeholder.com/en/renters-insurance-elizabeth

#RentersInsurance #Tenants #NJInsurance #Bilingual

Not a licensed agency. We connect you with licensed NJ/NY agents. Educational info, not advice.","509","https://example-placeholder.com/en/renters-insurance-elizabeth","false","","","","","draft",""
"local-renters-insurance-elizabeth-en-instagram","instagram","en","local","elizabeth","renters-insurance","Elizabeth, NJ: here's what nobody explains about renters insurance.

Elizabeth has a lot of large apartment buildings, and institutional landlords there do require renters insurance in the lease with a specific liability limit.

We connect you with a licensed agent, free. Message us on WhatsApp.

https://example-placeholder.com/en/renters-insurance-elizabeth

#RentersInsurance #Tenants #NJInsurance #Bilingual

Not a licensed agency. We connect you with licensed NJ/NY agents. Educational info, not advice.","509","https://example-placeholder.com/en/renters-insurance-elizabeth","true","image","Photo or graphic reading ""Elizabeth, NJ"" with ""Renters Insurance"". Real trade workers, not corporate stock.","","","draft",""
"local-renters-insurance-elizabeth-en-tiktok","tiktok","en","local","elizabeth","renters-insurance","Elizabeth, NJ: here's what nobody explains about renters insurance.

Elizabeth has a lot of large apartment buildings, and institutional landlords there do require renters insurance in the lease with a specific liability limit.

We connect you with a licensed agent, free. Message us on WhatsApp.

https://example-placeholder.com/en/renters-insurance-elizabeth

#RentersInsurance #Tenants #NJInsurance #Bilingual

Not a licensed agency. We connect you with licensed NJ/NY agents. Educational info, not advice.","509","https://example-placeholder.com/en/renters-insurance-elizabeth","true","video","Photo or graphic reading ""Elizabeth, NJ"" with ""Renters Insurance"". Real trade workers, not corporate stock.","","HOOK (0-3s): ""Elizabeth has a lot of large apartment buildings, and institutional landlords there do require renters insurance in the lease with a specific liability limit.""
BODY (3-25s): explain the point with one concrete local example.
CLOSE (25-30s): ""We connect you with a licensed agent, free. Link in bio.""","draft",""
"local-workers-comp-elizabeth-es-facebook","facebook","es","local","elizabeth","workers-comp","Lo que más nos preguntan en Elizabeth sobre compensación laboral:

Con tanto trabajo de puerto, almacén y transporte, Elizabeth tiene clasificaciones de riesgo alto en la tabla del NJCRIB.

Te conectamos gratis con un agente con licencia. Escríbenos por WhatsApp.

https://example-placeholder.com/es/compensacion-laboral-en-elizabeth

#CompensacionLaboral #WorkersComp #Negocios #SegurosEnEspañol #NuevaJersey

No somos agencia con licencia. Te conectamos con agentes con licencia en NJ/NY. Info educativa, no asesoría.","519","https://example-placeholder.com/es/compensacion-laboral-en-elizabeth","false","","","","","draft",""
"local-workers-comp-elizabeth-es-instagram","instagram","es","local","elizabeth","workers-comp","Lo que más nos preguntan en Elizabeth sobre compensación laboral:

Con tanto trabajo de puerto, almacén y transporte, Elizabeth tiene clasificaciones de riesgo alto en la tabla del NJCRIB.

Te conectamos gratis con un agente con licencia. Escríbenos por WhatsApp.

https://example-placeholder.com/es/compensacion-laboral-en-elizabeth

#CompensacionLaboral #WorkersComp #Negocios #SegurosEnEspañol #NuevaJersey

No somos agencia con licencia. Te conectamos con agentes con licencia en NJ/NY. Info educativa, no asesoría.","519","https://example-placeholder.com/es/compensacion-laboral-en-elizabeth","true","image","Foto o gráfico con el nombre ""Elizabeth, NJ"" y el texto ""Compensación Laboral"". Mostrar gente real de oficio, no stock corporativo.","","","draft",""
"local-workers-comp-elizabeth-es-tiktok","tiktok","es","local","elizabeth","workers-comp","Lo que más nos preguntan en Elizabeth sobre compensación laboral:

Con tanto trabajo de puerto, almacén y transporte, Elizabeth tiene clasificaciones de riesgo alto en la tabla del NJCRIB.

Te conectamos gratis con un agente con licencia. Escríbenos por WhatsApp.

https://example-placeholder.com/es/compensacion-laboral-en-elizabeth

#CompensacionLaboral #WorkersComp #Negocios #SegurosEnEspañol #NuevaJersey

No somos agencia con licencia. Te conectamos con agentes con licencia en NJ/NY. Info educativa, no asesoría.","519","https://example-placeholder.com/es/compensacion-laboral-en-elizabeth","true","video","Foto o gráfico con el nombre ""Elizabeth, NJ"" y el texto ""Compensación Laboral"". Mostrar gente real de oficio, no stock corporativo.","","GANCHO (0-3s): ""Con tanto trabajo de puerto, almacén y transporte, Elizabeth tiene clasificaciones de riesgo alto en la tabla del NJCRIB.""
DESARROLLO (3-25s): explica el punto con un ejemplo concreto de la zona.
CIERRE (25-30s): ""Te conectamos gratis con un agente con licencia. Link en bio.""","draft",""
"local-workers-comp-elizabeth-en-facebook","facebook","en","local","elizabeth","workers-comp","Elizabeth, NJ: here's what nobody explains about workers' compensation.

With so much port, warehouse and transport work, Elizabeth carries high-hazard classifications on the NJCRIB table.

Full explanation here, no cost:

https://example-placeholder.com/en/workers-comp-elizabeth

#WorkersComp #SmallBusiness #NJInsurance #Bilingual

Not a licensed agency. We connect you with licensed NJ/NY agents. Educational info, not advice.","430","https://example-placeholder.com/en/workers-comp-elizabeth","false","","","","","draft",""
"local-workers-comp-elizabeth-en-instagram","instagram","en","local","elizabeth","workers-comp","Elizabeth, NJ: here's what nobody explains about workers' compensation.

With so much port, warehouse and transport work, Elizabeth carries high-hazard classifications on the NJCRIB table.

Full explanation here, no cost:

https://example-placeholder.com/en/workers-comp-elizabeth

#WorkersComp #SmallBusiness #NJInsurance #Bilingual

Not a licensed agency. We connect you with licensed NJ/NY agents. Educational info, not advice.","430","https://example-placeholder.com/en/workers-comp-elizabeth","true","image","Photo or graphic reading ""Elizabeth, NJ"" with ""Workers' Compensation"". Real trade workers, not corporate stock.","","","draft",""
"local-workers-comp-elizabeth-en-tiktok","tiktok","en","local","elizabeth","workers-comp","Elizabeth, NJ: here's what nobody explains about workers' compensation.

With so much port, warehouse and transport work, Elizabeth carries high-hazard classifications on the NJCRIB table.

Full explanation here, no cost:

https://example-placeholder.com/en/workers-comp-elizabeth

#WorkersComp #SmallBusiness #NJInsurance #Bilingual

Not a licensed agency. We connect you with licensed NJ/NY agents. Educational info, not advice.","430","https://example-placeholder.com/en/workers-comp-elizabeth","true","video","Photo or graphic reading ""Elizabeth, NJ"" with ""Workers' Compensation"". Real trade workers, not corporate stock.","","HOOK (0-3s): ""With so much port, warehouse and transport work, Elizabeth carries high-hazard classifications on the NJCRIB table.""
BODY (3-25s): explain the point with one concrete local example.
CLOSE (25-30s): ""We connect you with a licensed agent, free. Link in bio.""","draft",""
"local-contractor-insurance-union-city-es-facebook","facebook","es","local","union-city","contractor-insurance","Lo que más nos preguntan en Union City sobre seguro para contratistas:

Trabajar en Union City es trabajar en espacios apretados: edificios pegados, sin driveway, con vecinos a un metro de tu andamio.

¿Dudas? Escríbenos por WhatsApp y te conectamos con un agente con licencia.

https://example-placeholder.com/es/seguro-para-contratistas-en-union-city

#Contratistas #SeguroDeContratista #COI #SegurosEnEspañol #NuevaJersey

No somos agencia con licencia. Te conectamos con agentes con licencia en NJ/NY. Info educativa, no asesoría.","534","https://example-placeholder.com/es/seguro-para-contratistas-en-union-city","false","","","","","draft",""
"local-contractor-insurance-union-city-es-instagram","instagram","es","local","union-city","contractor-insurance","Lo que más nos preguntan en Union City sobre seguro para contratistas:

Trabajar en Union City es trabajar en espacios apretados: edificios pegados, sin driveway, con vecinos a un metro de tu andamio.

¿Dudas? Escríbenos por WhatsApp y te conectamos con un agente con licencia.

https://example-placeholder.com/es/seguro-para-contratistas-en-union-city

#Contratistas #SeguroDeContratista #COI #SegurosEnEspañol #NuevaJersey

No somos agencia con licencia. Te conectamos con agentes con licencia en NJ/NY. Info educativa, no asesoría.","534","https://example-placeholder.com/es/seguro-para-contratistas-en-union-city","true","image","Foto o gráfico con el nombre ""Union City, NJ"" y el texto ""Seguro para Contratistas"". Mostrar gente real de oficio, no stock corporativo.","","","draft",""
"local-contractor-insurance-union-city-es-tiktok","tiktok","es","local","union-city","contractor-insurance","Lo que más nos preguntan en Union City sobre seguro para contratistas:

Trabajar en Union City es trabajar en espacios apretados: edificios pegados, sin driveway, con vecinos a un metro de tu andamio.

¿Dudas? Escríbenos por WhatsApp y te conectamos con un agente con licencia.

https://example-placeholder.com/es/seguro-para-contratistas-en-union-city

#Contratistas #SeguroDeContratista #COI #SegurosEnEspañol #NuevaJersey

No somos agencia con licencia. Te conectamos con agentes con licencia en NJ/NY. Info educativa, no asesoría.","534","https://example-placeholder.com/es/seguro-para-contratistas-en-union-city","true","video","Foto o gráfico con el nombre ""Union City, NJ"" y el texto ""Seguro para Contratistas"". Mostrar gente real de oficio, no stock corporativo.","","GANCHO (0-3s): ""Trabajar en Union City es trabajar en espacios apretados: edificios pegados, sin driveway, con vecinos a un metro de tu andamio.""
DESARROLLO (3-25s): explica el punto con un ejemplo concreto de la zona.
CIERRE (25-30s): ""Te conectamos gratis con un agente con licencia. Link en bio.""","draft",""
"local-contractor-insurance-union-city-en-facebook","facebook","en","local","union-city","contractor-insurance","Union City, NJ: here's what nobody explains about contractor insurance.

Working in Union City means working tight: buildings touching each other, no driveway, neighbors three feet from your scaffold.

Full explanation here, no cost:

https://example-placeholder.com/en/contractor-insurance-union-city

#Contractors #GeneralLiability #COI #NJInsurance #Bilingual

Not a licensed agency. We connect you with licensed NJ/NY agents. Educational info, not advice.","459","https://example-placeholder.com/en/contractor-insurance-union-city","false","","","","","draft",""
"local-contractor-insurance-union-city-en-instagram","instagram","en","local","union-city","contractor-insurance","Union City, NJ: here's what nobody explains about contractor insurance.

Working in Union City means working tight: buildings touching each other, no driveway, neighbors three feet from your scaffold.

Full explanation here, no cost:

https://example-placeholder.com/en/contractor-insurance-union-city

#Contractors #GeneralLiability #COI #NJInsurance #Bilingual

Not a licensed agency. We connect you with licensed NJ/NY agents. Educational info, not advice.","459","https://example-placeholder.com/en/contractor-insurance-union-city","true","image","Photo or graphic reading ""Union City, NJ"" with ""Contractor Insurance"". Real trade workers, not corporate stock.","","","draft",""
"local-contractor-insurance-union-city-en-tiktok","tiktok","en","local","union-city","contractor-insurance","Union City, NJ: here's what nobody explains about contractor insurance.

Working in Union City means working tight: buildings touching each other, no driveway, neighbors three feet from your scaffold.

Full explanation here, no cost:

https://example-placeholder.com/en/contractor-insurance-union-city

#Contractors #GeneralLiability #COI #NJInsurance #Bilingual

Not a licensed agency. We connect you with licensed NJ/NY agents. Educational info, not advice.","459","https://example-placeholder.com/en/contractor-insurance-union-city","true","video","Photo or graphic reading ""Union City, NJ"" with ""Contractor Insurance"". Real trade workers, not corporate stock.","","HOOK (0-3s): ""Working in Union City means working tight: buildings touching each other, no driveway, neighbors three feet from your scaffold.""
BODY (3-25s): explain the point with one concrete local example.
CLOSE (25-30s): ""We connect you with a licensed agent, free. Link in bio.""","draft",""
"local-cheap-auto-insurance-union-city-es-facebook","facebook","es","local","union-city","cheap-auto-insurance","Lo que más nos preguntan en Union City sobre seguro de auto barato:

En Union City el estacionamiento es deporte de combate y el carro pasa la mayor parte del tiempo en la calle.

¿Dudas? Escríbenos por WhatsApp y te conectamos con un agente con licencia.

https://example-placeholder.com/es/seguro-de-auto-barato-en-union-city

#SeguroDeAuto #Aseguranza #AutoBarato #SegurosEnEspañol #NuevaJersey

No somos agencia con licencia. Te conectamos con agentes con licencia en NJ/NY. Info educativa, no asesoría.","507","https://example-placeholder.com/es/seguro-de-auto-barato-en-union-city","false","","","","","draft",""
"local-cheap-auto-insurance-union-city-es-instagram","instagram","es","local","union-city","cheap-auto-insurance","Lo que más nos preguntan en Union City sobre seguro de auto barato:

En Union City el estacionamiento es deporte de combate y el carro pasa la mayor parte del tiempo en la calle.

¿Dudas? Escríbenos por WhatsApp y te conectamos con un agente con licencia.

https://example-placeholder.com/es/seguro-de-auto-barato-en-union-city

#SeguroDeAuto #Aseguranza #AutoBarato #SegurosEnEspañol #NuevaJersey

No somos agencia con licencia. Te conectamos con agentes con licencia en NJ/NY. Info educativa, no asesoría.","507","https://example-placeholder.com/es/seguro-de-auto-barato-en-union-city","true","image","Foto o gráfico con el nombre ""Union City, NJ"" y el texto ""Seguro de Auto Barato"". Mostrar gente real de oficio, no stock corporativo.","","","draft",""
"local-cheap-auto-insurance-union-city-es-tiktok","tiktok","es","local","union-city","cheap-auto-insurance","Lo que más nos preguntan en Union City sobre seguro de auto barato:

En Union City el estacionamiento es deporte de combate y el carro pasa la mayor parte del tiempo en la calle.

¿Dudas? Escríbenos por WhatsApp y te conectamos con un agente con licencia.

https://example-placeholder.com/es/seguro-de-auto-barato-en-union-city

#SeguroDeAuto #Aseguranza #AutoBarato #SegurosEnEspañol #NuevaJersey

No somos agencia con licencia. Te conectamos con agentes con licencia en NJ/NY. Info educativa, no asesoría.","507","https://example-placeholder.com/es/seguro-de-auto-barato-en-union-city","true","video","Foto o gráfico con el nombre ""Union City, NJ"" y el texto ""Seguro de Auto Barato"". Mostrar gente real de oficio, no stock corporativo.","","GANCHO (0-3s): ""En Union City el estacionamiento es deporte de combate y el carro pasa la mayor parte del tiempo en la calle.""
DESARROLLO (3-25s): explica el punto con un ejemplo concreto de la zona.
CIERRE (25-30s): ""Te conectamos gratis con un agente con licencia. Link en bio.""","draft",""
"local-cheap-auto-insurance-union-city-en-facebook","facebook","en","local","union-city","cheap-auto-insurance","If you live or work in Union City, this one's for you.

In Union City parking is a contact sport and the car spends most of its life on the street.

Questions? Message us and we connect you with a licensed agent.

https://example-placeholder.com/en/cheap-auto-insurance-union-city

#AutoInsurance #CarInsurance #NJInsurance #Bilingual

Not a licensed agency. We connect you with licensed NJ/NY agents. Educational info, not advice.","431","https://example-placeholder.com/en/cheap-auto-insurance-union-city","false","","","","","draft",""
"local-cheap-auto-insurance-union-city-en-instagram","instagram","en","local","union-city","cheap-auto-insurance","If you live or work in Union City, this one's for you.

In Union City parking is a contact sport and the car spends most of its life on the street.

Questions? Message us and we connect you with a licensed agent.

https://example-placeholder.com/en/cheap-auto-insurance-union-city

#AutoInsurance #CarInsurance #NJInsurance #Bilingual

Not a licensed agency. We connect you with licensed NJ/NY agents. Educational info, not advice.","431","https://example-placeholder.com/en/cheap-auto-insurance-union-city","true","image","Photo or graphic reading ""Union City, NJ"" with ""Cheap Auto Insurance"". Real trade workers, not corporate stock.","","","draft",""
"local-cheap-auto-insurance-union-city-en-tiktok","tiktok","en","local","union-city","cheap-auto-insurance","If you live or work in Union City, this one's for you.

In Union City parking is a contact sport and the car spends most of its life on the street.

Questions? Message us and we connect you with a licensed agent.

https://example-placeholder.com/en/cheap-auto-insurance-union-city

#AutoInsurance #CarInsurance #NJInsurance #Bilingual

Not a licensed agency. We connect you with licensed NJ/NY agents. Educational info, not advice.","431","https://example-placeholder.com/en/cheap-auto-insurance-union-city","true","video","Photo or graphic reading ""Union City, NJ"" with ""Cheap Auto Insurance"". Real trade workers, not corporate stock.","","HOOK (0-3s): ""In Union City parking is a contact sport and the car spends most of its life on the street.""
BODY (3-25s): explain the point with one concrete local example.
CLOSE (25-30s): ""We connect you with a licensed agent, free. Link in bio.""","draft",""
"local-renters-insurance-union-city-es-facebook","facebook","es","local","union-city","renters-insurance","Si trabajas o vives en Union City, esto te toca.

Union City es abrumadoramente de inquilinos.

Te conectamos gratis con un agente con licencia. Escríbenos por WhatsApp.

https://example-placeholder.com/es/seguro-de-inquilinos-en-union-city

#SeguroDeInquilinos #Renta #SegurosEnEspañol #NuevaJersey

No somos agencia con licencia. Te conectamos con agentes con licencia en NJ/NY. Info educativa, no asesoría.","409","https://example-placeholder.com/es/seguro-de-inquilinos-en-union-city","false","","","","","draft",""
"local-renters-insurance-union-city-es-instagram","instagram","es","local","union-city","renters-insurance","Si trabajas o vives en Union City, esto te toca.

Union City es abrumadoramente de inquilinos.

Te conectamos gratis con un agente con licencia. Escríbenos por WhatsApp.

https://example-placeholder.com/es/seguro-de-inquilinos-en-union-city

#SeguroDeInquilinos #Renta #SegurosEnEspañol #NuevaJersey

No somos agencia con licencia. Te conectamos con agentes con licencia en NJ/NY. Info educativa, no asesoría.","409","https://example-placeholder.com/es/seguro-de-inquilinos-en-union-city","true","image","Foto o gráfico con el nombre ""Union City, NJ"" y el texto ""Seguro de Inquilinos"". Mostrar gente real de oficio, no stock corporativo.","","","draft",""
"local-renters-insurance-union-city-es-tiktok","tiktok","es","local","union-city","renters-insurance","Si trabajas o vives en Union City, esto te toca.

Union City es abrumadoramente de inquilinos.

Te conectamos gratis con un agente con licencia. Escríbenos por WhatsApp.

https://example-placeholder.com/es/seguro-de-inquilinos-en-union-city

#SeguroDeInquilinos #Renta #SegurosEnEspañol #NuevaJersey

No somos agencia con licencia. Te conectamos con agentes con licencia en NJ/NY. Info educativa, no asesoría.","409","https://example-placeholder.com/es/seguro-de-inquilinos-en-union-city","true","video","Foto o gráfico con el nombre ""Union City, NJ"" y el texto ""Seguro de Inquilinos"". Mostrar gente real de oficio, no stock corporativo.","","GANCHO (0-3s): ""Union City es abrumadoramente de inquilinos.""
DESARROLLO (3-25s): explica el punto con un ejemplo concreto de la zona.
CIERRE (25-30s): ""Te conectamos gratis con un agente con licencia. Link en bio.""","draft",""
"local-renters-insurance-union-city-en-facebook","facebook","en","local","union-city","renters-insurance","The question we get most in Union City about renters insurance:

Union City is overwhelmingly renter-occupied.

We connect you with a licensed agent, free. Message us on WhatsApp.

https://example-placeholder.com/en/renters-insurance-union-city

#RentersInsurance #Tenants #NJInsurance #Bilingual

Not a licensed agency. We connect you with licensed NJ/NY agents. Educational info, not advice.","393","https://example-placeholder.com/en/renters-insurance-union-city","false","","","","","draft",""
"local-renters-insurance-union-city-en-instagram","instagram","en","local","union-city","renters-insurance","The question we get most in Union City about renters insurance:

Union City is overwhelmingly renter-occupied.

We connect you with a licensed agent, free. Message us on WhatsApp.

https://example-placeholder.com/en/renters-insurance-union-city

#RentersInsurance #Tenants #NJInsurance #Bilingual

Not a licensed agency. We connect you with licensed NJ/NY agents. Educational info, not advice.","393","https://example-placeholder.com/en/renters-insurance-union-city","true","image","Photo or graphic reading ""Union City, NJ"" with ""Renters Insurance"". Real trade workers, not corporate stock.","","","draft",""
"local-renters-insurance-union-city-en-tiktok","tiktok","en","local","union-city","renters-insurance","The question we get most in Union City about renters insurance:

Union City is overwhelmingly renter-occupied.

We connect you with a licensed agent, free. Message us on WhatsApp.

https://example-placeholder.com/en/renters-insurance-union-city

#RentersInsurance #Tenants #NJInsurance #Bilingual

Not a licensed agency. We connect you with licensed NJ/NY agents. Educational info, not advice.","393","https://example-placeholder.com/en/renters-insurance-union-city","true","video","Photo or graphic reading ""Union City, NJ"" with ""Renters Insurance"". Real trade workers, not corporate stock.","","HOOK (0-3s): ""Union City is overwhelmingly renter-occupied.""
BODY (3-25s): explain the point with one concrete local example.
CLOSE (25-30s): ""We connect you with a licensed agent, free. Link in bio.""","draft",""
"local-workers-comp-union-city-es-facebook","facebook","es","local","union-city","workers-comp","Union City, NJ: esto es lo que casi nadie te explica sobre compensación laboral.

Mucho del trabajo en Union City es de cuadrillas que rotan entre Hudson County y Manhattan.

Te conectamos gratis con un agente con licencia. Escríbenos por WhatsApp.

https://example-placeholder.com/es/compensacion-laboral-en-union-city

#CompensacionLaboral #WorkersComp #Negocios #SegurosEnEspañol #NuevaJersey

No somos agencia con licencia. Te conectamos con agentes con licencia en NJ/NY. Info educativa, no asesoría.","505","https://example-placeholder.com/es/compensacion-laboral-en-union-city","false","","","","","draft",""
"local-workers-comp-union-city-es-instagram","instagram","es","local","union-city","workers-comp","Union City, NJ: esto es lo que casi nadie te explica sobre compensación laboral.

Mucho del trabajo en Union City es de cuadrillas que rotan entre Hudson County y Manhattan.

Te conectamos gratis con un agente con licencia. Escríbenos por WhatsApp.

https://example-placeholder.com/es/compensacion-laboral-en-union-city

#CompensacionLaboral #WorkersComp #Negocios #SegurosEnEspañol #NuevaJersey

No somos agencia con licencia. Te conectamos con agentes con licencia en NJ/NY. Info educativa, no asesoría.","505","https://example-placeholder.com/es/compensacion-laboral-en-union-city","true","image","Foto o gráfico con el nombre ""Union City, NJ"" y el texto ""Compensación Laboral"". Mostrar gente real de oficio, no stock corporativo.","","","draft",""
"local-workers-comp-union-city-es-tiktok","tiktok","es","local","union-city","workers-comp","Union City, NJ: esto es lo que casi nadie te explica sobre compensación laboral.

Mucho del trabajo en Union City es de cuadrillas que rotan entre Hudson County y Manhattan.

Te conectamos gratis con un agente con licencia. Escríbenos por WhatsApp.

https://example-placeholder.com/es/compensacion-laboral-en-union-city

#CompensacionLaboral #WorkersComp #Negocios #SegurosEnEspañol #NuevaJersey

No somos agencia con licencia. Te conectamos con agentes con licencia en NJ/NY. Info educativa, no asesoría.","505","https://example-placeholder.com/es/compensacion-laboral-en-union-city","true","video","Foto o gráfico con el nombre ""Union City, NJ"" y el texto ""Compensación Laboral"". Mostrar gente real de oficio, no stock corporativo.","","GANCHO (0-3s): ""Mucho del trabajo en Union City es de cuadrillas que rotan entre Hudson County y Manhattan.""
DESARROLLO (3-25s): explica el punto con un ejemplo concreto de la zona.
CIERRE (25-30s): ""Te conectamos gratis con un agente con licencia. Link en bio.""","draft",""
"local-workers-comp-union-city-en-facebook","facebook","en","local","union-city","workers-comp","If you live or work in Union City, this one's for you.

A lot of Union City work involves crews rotating between Hudson County and Manhattan.

We connect you with a licensed agent, free. Message us on WhatsApp.

https://example-placeholder.com/en/workers-comp-union-city

#WorkersComp #SmallBusiness #NJInsurance #Bilingual

Not a licensed agency. We connect you with licensed NJ/NY agents. Educational info, not advice.","420","https://example-placeholder.com/en/workers-comp-union-city","false","","","","","draft",""
"local-workers-comp-union-city-en-instagram","instagram","en","local","union-city","workers-comp","If you live or work in Union City, this one's for you.

A lot of Union City work involves crews rotating between Hudson County and Manhattan.

We connect you with a licensed agent, free. Message us on WhatsApp.

https://example-placeholder.com/en/workers-comp-union-city

#WorkersComp #SmallBusiness #NJInsurance #Bilingual

Not a licensed agency. We connect you with licensed NJ/NY agents. Educational info, not advice.","420","https://example-placeholder.com/en/workers-comp-union-city","true","image","Photo or graphic reading ""Union City, NJ"" with ""Workers' Compensation"". Real trade workers, not corporate stock.","","","draft",""
"local-workers-comp-union-city-en-tiktok","tiktok","en","local","union-city","workers-comp","If you live or work in Union City, this one's for you.

A lot of Union City work involves crews rotating between Hudson County and Manhattan.

We connect you with a licensed agent, free. Message us on WhatsApp.

https://example-placeholder.com/en/workers-comp-union-city

#WorkersComp #SmallBusiness #NJInsurance #Bilingual

Not a licensed agency. We connect you with licensed NJ/NY agents. Educational info, not advice.","420","https://example-placeholder.com/en/workers-comp-union-city","true","video","Photo or graphic reading ""Union City, NJ"" with ""Workers' Compensation"". Real trade workers, not corporate stock.","","HOOK (0-3s): ""A lot of Union City work involves crews rotating between Hudson County and Manhattan.""
BODY (3-25s): explain the point with one concrete local example.
CLOSE (25-30s): ""We connect you with a licensed agent, free. Link in bio.""","draft",""
"local-contractor-insurance-west-new-york-es-facebook","facebook","es","local","west-new-york","contractor-insurance","Lo que más nos preguntan en West New York sobre seguro para contratistas:

West New York tiene una mezcla rara: edificios antiguos de Bergenline y condominios nuevos sobre el river.

Te conectamos gratis con un agente con licencia. Escríbenos por WhatsApp.

https://example-placeholder.com/es/seguro-para-contratistas-en-west-new-york

#Contratistas #SeguroDeContratista #COI #SegurosEnEspañol #NuevaJersey

No somos agencia con licencia. Te conectamos con agentes con licencia en NJ/NY. Info educativa, no asesoría.","516","https://example-placeholder.com/es/seguro-para-contratistas-en-west-new-york","false","","","","","draft",""
"local-contractor-insurance-west-new-york-es-instagram","instagram","es","local","west-new-york","contractor-insurance","Lo que más nos preguntan en West New York sobre seguro para contratistas:

West New York tiene una mezcla rara: edificios antiguos de Bergenline y condominios nuevos sobre el river.

Te conectamos gratis con un agente con licencia. Escríbenos por WhatsApp.

https://example-placeholder.com/es/seguro-para-contratistas-en-west-new-york

#Contratistas #SeguroDeContratista #COI #SegurosEnEspañol #NuevaJersey

No somos agencia con licencia. Te conectamos con agentes con licencia en NJ/NY. Info educativa, no asesoría.","516","https://example-placeholder.com/es/seguro-para-contratistas-en-west-new-york","true","image","Foto o gráfico con el nombre ""West New York, NJ"" y el texto ""Seguro para Contratistas"". Mostrar gente real de oficio, no stock corporativo.","","","draft",""
"local-contractor-insurance-west-new-york-es-tiktok","tiktok","es","local","west-new-york","contractor-insurance","Lo que más nos preguntan en West New York sobre seguro para contratistas:

West New York tiene una mezcla rara: edificios antiguos de Bergenline y condominios nuevos sobre el river.

Te conectamos gratis con un agente con licencia. Escríbenos por WhatsApp.

https://example-placeholder.com/es/seguro-para-contratistas-en-west-new-york

#Contratistas #SeguroDeContratista #COI #SegurosEnEspañol #NuevaJersey

No somos agencia con licencia. Te conectamos con agentes con licencia en NJ/NY. Info educativa, no asesoría.","516","https://example-placeholder.com/es/seguro-para-contratistas-en-west-new-york","true","video","Foto o gráfico con el nombre ""West New York, NJ"" y el texto ""Seguro para Contratistas"". Mostrar gente real de oficio, no stock corporativo.","","GANCHO (0-3s): ""West New York tiene una mezcla rara: edificios antiguos de Bergenline y condominios nuevos sobre el river.""
DESARROLLO (3-25s): explica el punto con un ejemplo concreto de la zona.
CIERRE (25-30s): ""Te conectamos gratis con un agente con licencia. Link en bio.""","draft",""
"local-contractor-insurance-west-new-york-en-facebook","facebook","en","local","west-new-york","contractor-insurance","If you live or work in West New York, this one's for you.

West New York has an unusual mix: old Bergenline walk-ups and new riverfront condos.

We connect you with a licensed agent, free. Message us on WhatsApp.

https://example-placeholder.com/en/contractor-insurance-west-new-york

#Contractors #GeneralLiability #COI #NJInsurance #Bilingual

Not a licensed agency. We connect you with licensed NJ/NY agents. Educational info, not advice.","441","https://example-placeholder.com/en/contractor-insurance-west-new-york","false","","","","","draft",""
"local-contractor-insurance-west-new-york-en-instagram","instagram","en","local","west-new-york","contractor-insurance","If you live or work in West New York, this one's for you.

West New York has an unusual mix: old Bergenline walk-ups and new riverfront condos.

We connect you with a licensed agent, free. Message us on WhatsApp.

https://example-placeholder.com/en/contractor-insurance-west-new-york

#Contractors #GeneralLiability #COI #NJInsurance #Bilingual

Not a licensed agency. We connect you with licensed NJ/NY agents. Educational info, not advice.","441","https://example-placeholder.com/en/contractor-insurance-west-new-york","true","image","Photo or graphic reading ""West New York, NJ"" with ""Contractor Insurance"". Real trade workers, not corporate stock.","","","draft",""
"local-contractor-insurance-west-new-york-en-tiktok","tiktok","en","local","west-new-york","contractor-insurance","If you live or work in West New York, this one's for you.

West New York has an unusual mix: old Bergenline walk-ups and new riverfront condos.

We connect you with a licensed agent, free. Message us on WhatsApp.

https://example-placeholder.com/en/contractor-insurance-west-new-york

#Contractors #GeneralLiability #COI #NJInsurance #Bilingual

Not a licensed agency. We connect you with licensed NJ/NY agents. Educational info, not advice.","441","https://example-placeholder.com/en/contractor-insurance-west-new-york","true","video","Photo or graphic reading ""West New York, NJ"" with ""Contractor Insurance"". Real trade workers, not corporate stock.","","HOOK (0-3s): ""West New York has an unusual mix: old Bergenline walk-ups and new riverfront condos.""
BODY (3-25s): explain the point with one concrete local example.
CLOSE (25-30s): ""We connect you with a licensed agent, free. Link in bio.""","draft",""
"local-cheap-auto-insurance-west-new-york-es-facebook","facebook","es","local","west-new-york","cheap-auto-insurance","West New York, NJ: esto es lo que casi nadie te explica sobre seguro de auto barato.

Si cruzas el Lincoln Tunnel a diario desde el 07093, acumulas millas y exposición en uno de los corredores con más tráfico del país.

Te conectamos gratis con un agente con licencia. Escríbenos por WhatsApp.

https://example-placeholder.com/es/seguro-de-auto-barato-en-west-new-york

#SeguroDeAuto #Aseguranza #AutoBarato #SegurosEnEspañol #NuevaJersey

No somos agencia con licencia. Te conectamos con agentes con licencia en NJ/NY. Info educativa, no asesoría.","548","https://example-placeholder.com/es/seguro-de-auto-barato-en-west-new-york","false","","","","","draft",""
"local-cheap-auto-insurance-west-new-york-es-instagram","instagram","es","local","west-new-york","cheap-auto-insurance","West New York, NJ: esto es lo que casi nadie te explica sobre seguro de auto barato.

Si cruzas el Lincoln Tunnel a diario desde el 07093, acumulas millas y exposición en uno de los corredores con más tráfico del país.

Te conectamos gratis con un agente con licencia. Escríbenos por WhatsApp.

https://example-placeholder.com/es/seguro-de-auto-barato-en-west-new-york

#SeguroDeAuto #Aseguranza #AutoBarato #SegurosEnEspañol #NuevaJersey

No somos agencia con licencia. Te conectamos con agentes con licencia en NJ/NY. Info educativa, no asesoría.","548","https://example-placeholder.com/es/seguro-de-auto-barato-en-west-new-york","true","image","Foto o gráfico con el nombre ""West New York, NJ"" y el texto ""Seguro de Auto Barato"". Mostrar gente real de oficio, no stock corporativo.","","","draft",""
"local-cheap-auto-insurance-west-new-york-es-tiktok","tiktok","es","local","west-new-york","cheap-auto-insurance","West New York, NJ: esto es lo que casi nadie te explica sobre seguro de auto barato.

Si cruzas el Lincoln Tunnel a diario desde el 07093, acumulas millas y exposición en uno de los corredores con más tráfico del país.

Te conectamos gratis con un agente con licencia. Escríbenos por WhatsApp.

https://example-placeholder.com/es/seguro-de-auto-barato-en-west-new-york

#SeguroDeAuto #Aseguranza #AutoBarato #SegurosEnEspañol #NuevaJersey

No somos agencia con licencia. Te conectamos con agentes con licencia en NJ/NY. Info educativa, no asesoría.","548","https://example-placeholder.com/es/seguro-de-auto-barato-en-west-new-york","true","video","Foto o gráfico con el nombre ""West New York, NJ"" y el texto ""Seguro de Auto Barato"". Mostrar gente real de oficio, no stock corporativo.","","GANCHO (0-3s): ""Si cruzas el Lincoln Tunnel a diario desde el 07093, acumulas millas y exposición en uno de los corredores con más tráfico del país.""
DESARROLLO (3-25s): explica el punto con un ejemplo concreto de la zona.
CIERRE (25-30s): ""Te conectamos gratis con un agente con licencia. Link en bio.""","draft",""
"local-cheap-auto-insurance-west-new-york-en-facebook","facebook","en","local","west-new-york","cheap-auto-insurance","If you live or work in West New York, this one's for you.

If you cross the Lincoln Tunnel daily from 07093, you rack up miles and exposure in one of the busiest corridors in the country.

Full explanation here, no cost:

https://example-placeholder.com/en/cheap-auto-insurance-west-new-york

#AutoInsurance #CarInsurance #NJInsurance #Bilingual

Not a licensed agency. We connect you with licensed NJ/NY agents. Educational info, not advice.","442","https://example-placeholder.com/en/cheap-auto-insurance-west-new-york","false","","","","","draft",""
"local-cheap-auto-insurance-west-new-york-en-instagram","instagram","en","local","west-new-york","cheap-auto-insurance","If you live or work in West New York, this one's for you.

If you cross the Lincoln Tunnel daily from 07093, you rack up miles and exposure in one of the busiest corridors in the country.

Full explanation here, no cost:

https://example-placeholder.com/en/cheap-auto-insurance-west-new-york

#AutoInsurance #CarInsurance #NJInsurance #Bilingual

Not a licensed agency. We connect you with licensed NJ/NY agents. Educational info, not advice.","442","https://example-placeholder.com/en/cheap-auto-insurance-west-new-york","true","image","Photo or graphic reading ""West New York, NJ"" with ""Cheap Auto Insurance"". Real trade workers, not corporate stock.","","","draft",""
"local-cheap-auto-insurance-west-new-york-en-tiktok","tiktok","en","local","west-new-york","cheap-auto-insurance","If you live or work in West New York, this one's for you.

If you cross the Lincoln Tunnel daily from 07093, you rack up miles and exposure in one of the busiest corridors in the country.

Full explanation here, no cost:

https://example-placeholder.com/en/cheap-auto-insurance-west-new-york

#AutoInsurance #CarInsurance #NJInsurance #Bilingual

Not a licensed agency. We connect you with licensed NJ/NY agents. Educational info, not advice.","442","https://example-placeholder.com/en/cheap-auto-insurance-west-new-york","true","video","Photo or graphic reading ""West New York, NJ"" with ""Cheap Auto Insurance"". Real trade workers, not corporate stock.","","HOOK (0-3s): ""If you cross the Lincoln Tunnel daily from 07093, you rack up miles and exposure in one of the busiest corridors in the country.""
BODY (3-25s): explain the point with one concrete local example.
CLOSE (25-30s): ""We connect you with a licensed agent, free. Link in bio.""","draft",""
"local-renters-insurance-west-new-york-es-facebook","facebook","es","local","west-new-york","renters-insurance","Lo que más nos preguntan en West New York sobre seguro de inquilinos:

En West New York conviven rentas estabilizadas en edificios viejos y torres nuevas con requisitos de lease estrictos.

¿Dudas? Escríbenos por WhatsApp y te conectamos con un agente con licencia.

https://example-placeholder.com/es/seguro-de-inquilinos-en-west-new-york

#SeguroDeInquilinos #Renta #SegurosEnEspañol #NuevaJersey

No somos agencia con licencia. Te conectamos con agentes con licencia en NJ/NY. Info educativa, no asesoría.","508","https://example-placeholder.com/es/seguro-de-inquilinos-en-west-new-york","false","","","","","draft",""
"local-renters-insurance-west-new-york-es-instagram","instagram","es","local","west-new-york","renters-insurance","Lo que más nos preguntan en West New York sobre seguro de inquilinos:

En West New York conviven rentas estabilizadas en edificios viejos y torres nuevas con requisitos de lease estrictos.

¿Dudas? Escríbenos por WhatsApp y te conectamos con un agente con licencia.

https://example-placeholder.com/es/seguro-de-inquilinos-en-west-new-york

#SeguroDeInquilinos #Renta #SegurosEnEspañol #NuevaJersey

No somos agencia con licencia. Te conectamos con agentes con licencia en NJ/NY. Info educativa, no asesoría.","508","https://example-placeholder.com/es/seguro-de-inquilinos-en-west-new-york","true","image","Foto o gráfico con el nombre ""West New York, NJ"" y el texto ""Seguro de Inquilinos"". Mostrar gente real de oficio, no stock corporativo.","","","draft",""
"local-renters-insurance-west-new-york-es-tiktok","tiktok","es","local","west-new-york","renters-insurance","Lo que más nos preguntan en West New York sobre seguro de inquilinos:

En West New York conviven rentas estabilizadas en edificios viejos y torres nuevas con requisitos de lease estrictos.

¿Dudas? Escríbenos por WhatsApp y te conectamos con un agente con licencia.

https://example-placeholder.com/es/seguro-de-inquilinos-en-west-new-york

#SeguroDeInquilinos #Renta #SegurosEnEspañol #NuevaJersey

No somos agencia con licencia. Te conectamos con agentes con licencia en NJ/NY. Info educativa, no asesoría.","508","https://example-placeholder.com/es/seguro-de-inquilinos-en-west-new-york","true","video","Foto o gráfico con el nombre ""West New York, NJ"" y el texto ""Seguro de Inquilinos"". Mostrar gente real de oficio, no stock corporativo.","","GANCHO (0-3s): ""En West New York conviven rentas estabilizadas en edificios viejos y torres nuevas con requisitos de lease estrictos.""
DESARROLLO (3-25s): explica el punto con un ejemplo concreto de la zona.
CIERRE (25-30s): ""Te conectamos gratis con un agente con licencia. Link en bio.""","draft",""
"local-renters-insurance-west-new-york-en-facebook","facebook","en","local","west-new-york","renters-insurance","The question we get most in West New York about renters insurance:

West New York mixes stabilized rents in older buildings with new towers carrying strict lease requirements.

Questions? Message us and we connect you with a licensed agent.

https://example-placeholder.com/en/renters-insurance-west-new-york

#RentersInsurance #Tenants #NJInsurance #Bilingual

Not a licensed agency. We connect you with licensed NJ/NY agents. Educational info, not advice.","457","https://example-placeholder.com/en/renters-insurance-west-new-york","false","","","","","draft",""
"local-renters-insurance-west-new-york-en-instagram","instagram","en","local","west-new-york","renters-insurance","The question we get most in West New York about renters insurance:

West New York mixes stabilized rents in older buildings with new towers carrying strict lease requirements.

Questions? Message us and we connect you with a licensed agent.

https://example-placeholder.com/en/renters-insurance-west-new-york

#RentersInsurance #Tenants #NJInsurance #Bilingual

Not a licensed agency. We connect you with licensed NJ/NY agents. Educational info, not advice.","457","https://example-placeholder.com/en/renters-insurance-west-new-york","true","image","Photo or graphic reading ""West New York, NJ"" with ""Renters Insurance"". Real trade workers, not corporate stock.","","","draft",""
"local-renters-insurance-west-new-york-en-tiktok","tiktok","en","local","west-new-york","renters-insurance","The question we get most in West New York about renters insurance:

West New York mixes stabilized rents in older buildings with new towers carrying strict lease requirements.

Questions? Message us and we connect you with a licensed agent.

https://example-placeholder.com/en/renters-insurance-west-new-york

#RentersInsurance #Tenants #NJInsurance #Bilingual

Not a licensed agency. We connect you with licensed NJ/NY agents. Educational info, not advice.","457","https://example-placeholder.com/en/renters-insurance-west-new-york","true","video","Photo or graphic reading ""West New York, NJ"" with ""Renters Insurance"". Real trade workers, not corporate stock.","","HOOK (0-3s): ""West New York mixes stabilized rents in older buildings with new towers carrying strict lease requirements.""
BODY (3-25s): explain the point with one concrete local example.
CLOSE (25-30s): ""We connect you with a licensed agent, free. Link in bio.""","draft",""
"local-workers-comp-west-new-york-es-facebook","facebook","es","local","west-new-york","workers-comp","Lo que más nos preguntan en West New York sobre compensación laboral:

Como en todo Hudson County, aquí la línea entre trabajar en NJ y trabajar en NY se cruza a diario.

Lo explicamos completo aquí, en español, sin costo:

https://example-placeholder.com/es/compensacion-laboral-en-west-new-york

#CompensacionLaboral #WorkersComp #Negocios #SegurosEnEspañol #NuevaJersey

No somos agencia con licencia. Te conectamos con agentes con licencia en NJ/NY. Info educativa, no asesoría.","482","https://example-placeholder.com/es/compensacion-laboral-en-west-new-york","false","","","","","draft",""
"local-workers-comp-west-new-york-es-instagram","instagram","es","local","west-new-york","workers-comp","Lo que más nos preguntan en West New York sobre compensación laboral:

Como en todo Hudson County, aquí la línea entre trabajar en NJ y trabajar en NY se cruza a diario.

Lo explicamos completo aquí, en español, sin costo:

https://example-placeholder.com/es/compensacion-laboral-en-west-new-york

#CompensacionLaboral #WorkersComp #Negocios #SegurosEnEspañol #NuevaJersey

No somos agencia con licencia. Te conectamos con agentes con licencia en NJ/NY. Info educativa, no asesoría.","482","https://example-placeholder.com/es/compensacion-laboral-en-west-new-york","true","image","Foto o gráfico con el nombre ""West New York, NJ"" y el texto ""Compensación Laboral"". Mostrar gente real de oficio, no stock corporativo.","","","draft",""
"local-workers-comp-west-new-york-es-tiktok","tiktok","es","local","west-new-york","workers-comp","Lo que más nos preguntan en West New York sobre compensación laboral:

Como en todo Hudson County, aquí la línea entre trabajar en NJ y trabajar en NY se cruza a diario.

Lo explicamos completo aquí, en español, sin costo:

https://example-placeholder.com/es/compensacion-laboral-en-west-new-york

#CompensacionLaboral #WorkersComp #Negocios #SegurosEnEspañol #NuevaJersey

No somos agencia con licencia. Te conectamos con agentes con licencia en NJ/NY. Info educativa, no asesoría.","482","https://example-placeholder.com/es/compensacion-laboral-en-west-new-york","true","video","Foto o gráfico con el nombre ""West New York, NJ"" y el texto ""Compensación Laboral"". Mostrar gente real de oficio, no stock corporativo.","","GANCHO (0-3s): ""Como en todo Hudson County, aquí la línea entre trabajar en NJ y trabajar en NY se cruza a diario.""
DESARROLLO (3-25s): explica el punto con un ejemplo concreto de la zona.
CIERRE (25-30s): ""Te conectamos gratis con un agente con licencia. Link en bio.""","draft",""
"local-workers-comp-west-new-york-en-facebook","facebook","en","local","west-new-york","workers-comp","West New York, NJ: here's what nobody explains about workers' compensation.

As across Hudson County, the line between working in NJ and working in NY gets crossed daily.

Full explanation here, no cost:

https://example-placeholder.com/en/workers-comp-west-new-york

#WorkersComp #SmallBusiness #NJInsurance #Bilingual

Not a licensed agency. We connect you with licensed NJ/NY agents. Educational info, not advice.","416","https://example-placeholder.com/en/workers-comp-west-new-york","false","","","","","draft",""
"local-workers-comp-west-new-york-en-instagram","instagram","en","local","west-new-york","workers-comp","West New York, NJ: here's what nobody explains about workers' compensation.

As across Hudson County, the line between working in NJ and working in NY gets crossed daily.

Full explanation here, no cost:

https://example-placeholder.com/en/workers-comp-west-new-york

#WorkersComp #SmallBusiness #NJInsurance #Bilingual

Not a licensed agency. We connect you with licensed NJ/NY agents. Educational info, not advice.","416","https://example-placeholder.com/en/workers-comp-west-new-york","true","image","Photo or graphic reading ""West New York, NJ"" with ""Workers' Compensation"". Real trade workers, not corporate stock.","","","draft",""
"local-workers-comp-west-new-york-en-tiktok","tiktok","en","local","west-new-york","workers-comp","West New York, NJ: here's what nobody explains about workers' compensation.

As across Hudson County, the line between working in NJ and working in NY gets crossed daily.

Full explanation here, no cost:

https://example-placeholder.com/en/workers-comp-west-new-york

#WorkersComp #SmallBusiness #NJInsurance #Bilingual

Not a licensed agency. We connect you with licensed NJ/NY agents. Educational info, not advice.","416","https://example-placeholder.com/en/workers-comp-west-new-york","true","video","Photo or graphic reading ""West New York, NJ"" with ""Workers' Compensation"". Real trade workers, not corporate stock.","","HOOK (0-3s): ""As across Hudson County, the line between working in NJ and working in NY gets crossed daily.""
BODY (3-25s): explain the point with one concrete local example.
CLOSE (25-30s): ""We connect you with a licensed agent, free. Link in bio.""","draft",""
"local-contractor-insurance-newark-es-facebook","facebook","es","local","newark","contractor-insurance","Lo que más nos preguntan en Newark sobre seguro para contratistas:

Newark es la ciudad más grande del estado y tiene permisos municipales, inspecciones y trabajo público.

Te conectamos gratis con un agente con licencia. Escríbenos por WhatsApp.

https://example-placeholder.com/es/seguro-para-contratistas-en-newark

#Contratistas #SeguroDeContratista #COI #SegurosEnEspañol #NuevaJersey

No somos agencia con licencia. Te conectamos con agentes con licencia en NJ/NY. Info educativa, no asesoría.","499","https://example-placeholder.com/es/seguro-para-contratistas-en-newark","false","","","","","draft",""
"local-contractor-insurance-newark-es-instagram","instagram","es","local","newark","contractor-insurance","Lo que más nos preguntan en Newark sobre seguro para contratistas:

Newark es la ciudad más grande del estado y tiene permisos municipales, inspecciones y trabajo público.

Te conectamos gratis con un agente con licencia. Escríbenos por WhatsApp.

https://example-placeholder.com/es/seguro-para-contratistas-en-newark

#Contratistas #SeguroDeContratista #COI #SegurosEnEspañol #NuevaJersey

No somos agencia con licencia. Te conectamos con agentes con licencia en NJ/NY. Info educativa, no asesoría.","499","https://example-placeholder.com/es/seguro-para-contratistas-en-newark","true","image","Foto o gráfico con el nombre ""Newark, NJ"" y el texto ""Seguro para Contratistas"". Mostrar gente real de oficio, no stock corporativo.","","","draft",""
"local-contractor-insurance-newark-es-tiktok","tiktok","es","local","newark","contractor-insurance","Lo que más nos preguntan en Newark sobre seguro para contratistas:

Newark es la ciudad más grande del estado y tiene permisos municipales, inspecciones y trabajo público.

Te conectamos gratis con un agente con licencia. Escríbenos por WhatsApp.

https://example-placeholder.com/es/seguro-para-contratistas-en-newark

#Contratistas #SeguroDeContratista #COI #SegurosEnEspañol #NuevaJersey

No somos agencia con licencia. Te conectamos con agentes con licencia en NJ/NY. Info educativa, no asesoría.","499","https://example-placeholder.com/es/seguro-para-contratistas-en-newark","true","video","Foto o gráfico con el nombre ""Newark, NJ"" y el texto ""Seguro para Contratistas"". Mostrar gente real de oficio, no stock corporativo.","","GANCHO (0-3s): ""Newark es la ciudad más grande del estado y tiene permisos municipales, inspecciones y trabajo público.""
DESARROLLO (3-25s): explica el punto con un ejemplo concreto de la zona.
CIERRE (25-30s): ""Te conectamos gratis con un agente con licencia. Link en bio.""","draft",""
"local-contractor-insurance-newark-en-facebook","facebook","en","local","newark","contractor-insurance","The question we get most in Newark about contractor insurance:

Newark is the state's largest city, with municipal permits, inspections and public work.

We connect you with a licensed agent, free. Message us on WhatsApp.

https://example-placeholder.com/en/contractor-insurance-newark

#Contractors #GeneralLiability #COI #NJInsurance #Bilingual

Not a licensed agency. We connect you with licensed NJ/NY agents. Educational info, not advice.","443","https://example-placeholder.com/en/contractor-insurance-newark","false","","","","","draft",""
"local-contractor-insurance-newark-en-instagram","instagram","en","local","newark","contractor-insurance","The question we get most in Newark about contractor insurance:

Newark is the state's largest city, with municipal permits, inspections and public work.

We connect you with a licensed agent, free. Message us on WhatsApp.

https://example-placeholder.com/en/contractor-insurance-newark

#Contractors #GeneralLiability #COI #NJInsurance #Bilingual

Not a licensed agency. We connect you with licensed NJ/NY agents. Educational info, not advice.","443","https://example-placeholder.com/en/contractor-insurance-newark","true","image","Photo or graphic reading ""Newark, NJ"" with ""Contractor Insurance"". Real trade workers, not corporate stock.","","","draft",""
"local-contractor-insurance-newark-en-tiktok","tiktok","en","local","newark","contractor-insurance","The question we get most in Newark about contractor insurance:

Newark is the state's largest city, with municipal permits, inspections and public work.

We connect you with a licensed agent, free. Message us on WhatsApp.

https://example-placeholder.com/en/contractor-insurance-newark

#Contractors #GeneralLiability #COI #NJInsurance #Bilingual

Not a licensed agency. We connect you with licensed NJ/NY agents. Educational info, not advice.","443","https://example-placeholder.com/en/contractor-insurance-newark","true","video","Photo or graphic reading ""Newark, NJ"" with ""Contractor Insurance"". Real trade workers, not corporate stock.","","HOOK (0-3s): ""Newark is the state's largest city, with municipal permits, inspections and public work.""
BODY (3-25s): explain the point with one concrete local example.
CLOSE (25-30s): ""We connect you with a licensed agent, free. Link in bio.""","draft",""
"local-cheap-auto-insurance-newark-es-facebook","facebook","es","local","newark","cheap-auto-insurance","Newark, NJ: esto es lo que casi nadie te explica sobre seguro de auto barato.

Newark tiene de los costos de auto más altos de Nueva Jersey, empujados por densidad, frecuencia de robos y volumen de reclamos.

Lo explicamos completo aquí, en español, sin costo:

https://example-placeholder.com/es/seguro-de-auto-barato-en-newark

#SeguroDeAuto #Aseguranza #AutoBarato #SegurosEnEspañol #NuevaJersey

No somos agencia con licencia. Te conectamos con agentes con licencia en NJ/NY. Info educativa, no asesoría.","508","https://example-placeholder.com/es/seguro-de-auto-barato-en-newark","false","","","","","draft",""
"local-cheap-auto-insurance-newark-es-instagram","instagram","es","local","newark","cheap-auto-insurance","Newark, NJ: esto es lo que casi nadie te explica sobre seguro de auto barato.

Newark tiene de los costos de auto más altos de Nueva Jersey, empujados por densidad, frecuencia de robos y volumen de reclamos.

Lo explicamos completo aquí, en español, sin costo:

https://example-placeholder.com/es/seguro-de-auto-barato-en-newark

#SeguroDeAuto #Aseguranza #AutoBarato #SegurosEnEspañol #NuevaJersey

No somos agencia con licencia. Te conectamos con agentes con licencia en NJ/NY. Info educativa, no asesoría.","508","https://example-placeholder.com/es/seguro-de-auto-barato-en-newark","true","image","Foto o gráfico con el nombre ""Newark, NJ"" y el texto ""Seguro de Auto Barato"". Mostrar gente real de oficio, no stock corporativo.","","","draft",""
"local-cheap-auto-insurance-newark-es-tiktok","tiktok","es","local","newark","cheap-auto-insurance","Newark, NJ: esto es lo que casi nadie te explica sobre seguro de auto barato.

Newark tiene de los costos de auto más altos de Nueva Jersey, empujados por densidad, frecuencia de robos y volumen de reclamos.

Lo explicamos completo aquí, en español, sin costo:

https://example-placeholder.com/es/seguro-de-auto-barato-en-newark

#SeguroDeAuto #Aseguranza #AutoBarato #SegurosEnEspañol #NuevaJersey

No somos agencia con licencia. Te conectamos con agentes con licencia en NJ/NY. Info educativa, no asesoría.","508","https://example-placeholder.com/es/seguro-de-auto-barato-en-newark","true","video","Foto o gráfico con el nombre ""Newark, NJ"" y el texto ""Seguro de Auto Barato"". Mostrar gente real de oficio, no stock corporativo.","","GANCHO (0-3s): ""Newark tiene de los costos de auto más altos de Nueva Jersey, empujados por densidad, frecuencia de robos y volumen de reclamos.""
DESARROLLO (3-25s): explica el punto con un ejemplo concreto de la zona.
CIERRE (25-30s): ""Te conectamos gratis con un agente con licencia. Link en bio.""","draft",""
"local-cheap-auto-insurance-newark-en-facebook","facebook","en","local","newark","cheap-auto-insurance","Newark, NJ: here's what nobody explains about cheap auto insurance.

Newark carries some of the highest auto costs in New Jersey, driven by density, theft frequency and claim volume.

Questions? Message us and we connect you with a licensed agent.

https://example-placeholder.com/en/cheap-auto-insurance-newark

#AutoInsurance #CarInsurance #NJInsurance #Bilingual

Not a licensed agency. We connect you with licensed NJ/NY agents. Educational info, not advice.","462","https://example-placeholder.com/en/cheap-auto-insurance-newark","false","","","","","draft",""
"local-cheap-auto-insurance-newark-en-instagram","instagram","en","local","newark","cheap-auto-insurance","Newark, NJ: here's what nobody explains about cheap auto insurance.

Newark carries some of the highest auto costs in New Jersey, driven by density, theft frequency and claim volume.

Questions? Message us and we connect you with a licensed agent.

https://example-placeholder.com/en/cheap-auto-insurance-newark

#AutoInsurance #CarInsurance #NJInsurance #Bilingual

Not a licensed agency. We connect you with licensed NJ/NY agents. Educational info, not advice.","462","https://example-placeholder.com/en/cheap-auto-insurance-newark","true","image","Photo or graphic reading ""Newark, NJ"" with ""Cheap Auto Insurance"". Real trade workers, not corporate stock.","","","draft",""
"local-cheap-auto-insurance-newark-en-tiktok","tiktok","en","local","newark","cheap-auto-insurance","Newark, NJ: here's what nobody explains about cheap auto insurance.

Newark carries some of the highest auto costs in New Jersey, driven by density, theft frequency and claim volume.

Questions? Message us and we connect you with a licensed agent.

https://example-placeholder.com/en/cheap-auto-insurance-newark

#AutoInsurance #CarInsurance #NJInsurance #Bilingual

Not a licensed agency. We connect you with licensed NJ/NY agents. Educational info, not advice.","462","https://example-placeholder.com/en/cheap-auto-insurance-newark","true","video","Photo or graphic reading ""Newark, NJ"" with ""Cheap Auto Insurance"". Real trade workers, not corporate stock.","","HOOK (0-3s): ""Newark carries some of the highest auto costs in New Jersey, driven by density, theft frequency and claim volume.""
BODY (3-25s): explain the point with one concrete local example.
CLOSE (25-30s): ""We connect you with a licensed agent, free. Link in bio.""","draft",""
"local-renters-insurance-newark-es-facebook","facebook","es","local","newark","renters-insurance","Lo que más nos preguntan en Newark sobre seguro de inquilinos:

En Newark hay desde casas de tres familias en el Ironbound hasta edificios grandes en downtown.

Te conectamos gratis con un agente con licencia. Escríbenos por WhatsApp.

https://example-placeholder.com/es/seguro-de-inquilinos-en-newark

#SeguroDeInquilinos #Renta #SegurosEnEspañol #NuevaJersey

No somos agencia con licencia. Te conectamos con agentes con licencia en NJ/NY. Info educativa, no asesoría.","470","https://example-placeholder.com/es/seguro-de-inquilinos-en-newark","false","","","","","draft",""
"local-renters-insurance-newark-es-instagram","instagram","es","local","newark","renters-insurance","Lo que más nos preguntan en Newark sobre seguro de inquilinos:

En Newark hay desde casas de tres familias en el Ironbound hasta edificios grandes en downtown.

Te conectamos gratis con un agente con licencia. Escríbenos por WhatsApp.

https://example-placeholder.com/es/seguro-de-inquilinos-en-newark

#SeguroDeInquilinos #Renta #SegurosEnEspañol #NuevaJersey

No somos agencia con licencia. Te conectamos con agentes con licencia en NJ/NY. Info educativa, no asesoría.","470","https://example-placeholder.com/es/seguro-de-inquilinos-en-newark","true","image","Foto o gráfico con el nombre ""Newark, NJ"" y el texto ""Seguro de Inquilinos"". Mostrar gente real de oficio, no stock corporativo.","","","draft",""
"local-renters-insurance-newark-es-tiktok","tiktok","es","local","newark","renters-insurance","Lo que más nos preguntan en Newark sobre seguro de inquilinos:

En Newark hay desde casas de tres familias en el Ironbound hasta edificios grandes en downtown.

Te conectamos gratis con un agente con licencia. Escríbenos por WhatsApp.

https://example-placeholder.com/es/seguro-de-inquilinos-en-newark

#SeguroDeInquilinos #Renta #SegurosEnEspañol #NuevaJersey

No somos agencia con licencia. Te conectamos con agentes con licencia en NJ/NY. Info educativa, no asesoría.","470","https://example-placeholder.com/es/seguro-de-inquilinos-en-newark","true","video","Foto o gráfico con el nombre ""Newark, NJ"" y el texto ""Seguro de Inquilinos"". Mostrar gente real de oficio, no stock corporativo.","","GANCHO (0-3s): ""En Newark hay desde casas de tres familias en el Ironbound hasta edificios grandes en downtown.""
DESARROLLO (3-25s): explica el punto con un ejemplo concreto de la zona.
CIERRE (25-30s): ""Te conectamos gratis con un agente con licencia. Link en bio.""","draft",""
"local-renters-insurance-newark-en-facebook","facebook","en","local","newark","renters-insurance","If you live or work in Newark, this one's for you.

Newark ranges from Ironbound three-families to large downtown buildings.

We connect you with a licensed agent, free. Message us on WhatsApp.

https://example-placeholder.com/en/renters-insurance-newark

#RentersInsurance #Tenants #NJInsurance #Bilingual

Not a licensed agency. We connect you with licensed NJ/NY agents. Educational info, not advice.","403","https://example-placeholder.com/en/renters-insurance-newark","false","","","","","draft",""
"local-renters-insurance-newark-en-instagram","instagram","en","local","newark","renters-insurance","If you live or work in Newark, this one's for you.

Newark ranges from Ironbound three-families to large downtown buildings.

We connect you with a licensed agent, free. Message us on WhatsApp.

https://example-placeholder.com/en/renters-insurance-newark

#RentersInsurance #Tenants #NJInsurance #Bilingual

Not a licensed agency. We connect you with licensed NJ/NY agents. Educational info, not advice.","403","https://example-placeholder.com/en/renters-insurance-newark","true","image","Photo or graphic reading ""Newark, NJ"" with ""Renters Insurance"". Real trade workers, not corporate stock.","","","draft",""
"local-renters-insurance-newark-en-tiktok","tiktok","en","local","newark","renters-insurance","If you live or work in Newark, this one's for you.

Newark ranges from Ironbound three-families to large downtown buildings.

We connect you with a licensed agent, free. Message us on WhatsApp.

https://example-placeholder.com/en/renters-insurance-newark

#RentersInsurance #Tenants #NJInsurance #Bilingual

Not a licensed agency. We connect you with licensed NJ/NY agents. Educational info, not advice.","403","https://example-placeholder.com/en/renters-insurance-newark","true","video","Photo or graphic reading ""Newark, NJ"" with ""Renters Insurance"". Real trade workers, not corporate stock.","","HOOK (0-3s): ""Newark ranges from Ironbound three-families to large downtown buildings.""
BODY (3-25s): explain the point with one concrete local example.
CLOSE (25-30s): ""We connect you with a licensed agent, free. Link in bio.""","draft",""
"local-workers-comp-newark-es-facebook","facebook","es","local","newark","workers-comp","Lo que más nos preguntan en Newark sobre compensación laboral:

Newark tiene la mayor concentración de negocios pequeños con empleados del estado, y también mucha fiscalización.

Te conectamos gratis con un agente con licencia. Escríbenos por WhatsApp.

https://example-placeholder.com/es/compensacion-laboral-en-newark

#CompensacionLaboral #WorkersComp #Negocios #SegurosEnEspañol #NuevaJersey

No somos agencia con licencia. Te conectamos con agentes con licencia en NJ/NY. Info educativa, no asesoría.","505","https://example-placeholder.com/es/compensacion-laboral-en-newark","false","","","","","draft",""
"local-workers-comp-newark-es-instagram","instagram","es","local","newark","workers-comp","Lo que más nos preguntan en Newark sobre compensación laboral:

Newark tiene la mayor concentración de negocios pequeños con empleados del estado, y también mucha fiscalización.

Te conectamos gratis con un agente con licencia. Escríbenos por WhatsApp.

https://example-placeholder.com/es/compensacion-laboral-en-newark

#CompensacionLaboral #WorkersComp #Negocios #SegurosEnEspañol #NuevaJersey

No somos agencia con licencia. Te conectamos con agentes con licencia en NJ/NY. Info educativa, no asesoría.","505","https://example-placeholder.com/es/compensacion-laboral-en-newark","true","image","Foto o gráfico con el nombre ""Newark, NJ"" y el texto ""Compensación Laboral"". Mostrar gente real de oficio, no stock corporativo.","","","draft",""
"local-workers-comp-newark-es-tiktok","tiktok","es","local","newark","workers-comp","Lo que más nos preguntan en Newark sobre compensación laboral:

Newark tiene la mayor concentración de negocios pequeños con empleados del estado, y también mucha fiscalización.

Te conectamos gratis con un agente con licencia. Escríbenos por WhatsApp.

https://example-placeholder.com/es/compensacion-laboral-en-newark

#CompensacionLaboral #WorkersComp #Negocios #SegurosEnEspañol #NuevaJersey

No somos agencia con licencia. Te conectamos con agentes con licencia en NJ/NY. Info educativa, no asesoría.","505","https://example-placeholder.com/es/compensacion-laboral-en-newark","true","video","Foto o gráfico con el nombre ""Newark, NJ"" y el texto ""Compensación Laboral"". Mostrar gente real de oficio, no stock corporativo.","","GANCHO (0-3s): ""Newark tiene la mayor concentración de negocios pequeños con empleados del estado, y también mucha fiscalización.""
DESARROLLO (3-25s): explica el punto con un ejemplo concreto de la zona.
CIERRE (25-30s): ""Te conectamos gratis con un agente con licencia. Link en bio.""","draft",""
"local-workers-comp-newark-en-facebook","facebook","en","local","newark","workers-comp","If you live or work in Newark, this one's for you.

Newark has the state's largest concentration of small businesses with employees, and a lot of enforcement.

Questions? Message us and we connect you with a licensed agent.

https://example-placeholder.com/en/workers-comp-newark

#WorkersComp #SmallBusiness #NJInsurance #Bilingual

Not a licensed agency. We connect you with licensed NJ/NY agents. Educational info, not advice.","429","https://example-placeholder.com/en/workers-comp-newark","false","","","","","draft",""
"local-workers-comp-newark-en-instagram","instagram","en","local","newark","workers-comp","If you live or work in Newark, this one's for you.

Newark has the state's largest concentration of small businesses with employees, and a lot of enforcement.

Questions? Message us and we connect you with a licensed agent.

https://example-placeholder.com/en/workers-comp-newark

#WorkersComp #SmallBusiness #NJInsurance #Bilingual

Not a licensed agency. We connect you with licensed NJ/NY agents. Educational info, not advice.","429","https://example-placeholder.com/en/workers-comp-newark","true","image","Photo or graphic reading ""Newark, NJ"" with ""Workers' Compensation"". Real trade workers, not corporate stock.","","","draft",""
"local-workers-comp-newark-en-tiktok","tiktok","en","local","newark","workers-comp","If you live or work in Newark, this one's for you.

Newark has the state's largest concentration of small businesses with employees, and a lot of enforcement.

Questions? Message us and we connect you with a licensed agent.

https://example-placeholder.com/en/workers-comp-newark

#WorkersComp #SmallBusiness #NJInsurance #Bilingual

Not a licensed agency. We connect you with licensed NJ/NY agents. Educational info, not advice.","429","https://example-placeholder.com/en/workers-comp-newark","true","video","Photo or graphic reading ""Newark, NJ"" with ""Workers' Compensation"". Real trade workers, not corporate stock.","","HOOK (0-3s): ""Newark has the state's largest concentration of small businesses with employees, and a lot of enforcement.""
BODY (3-25s): explain the point with one concrete local example.
CLOSE (25-30s): ""We connect you with a licensed agent, free. Link in bio.""","draft",""
"local-contractor-insurance-perth-amboy-es-facebook","facebook","es","local","perth-amboy","contractor-insurance","Perth Amboy, NJ: esto es lo que casi nadie te explica sobre seguro para contratistas.

Después de Sandy, buena parte del trabajo residencial en Perth Amboy es reparación, elevación y mitigación de agua.

Te conectamos gratis con un agente con licencia. Escríbenos por WhatsApp.

https://example-placeholder.com/es/seguro-para-contratistas-en-perth-amboy

#Contratistas #SeguroDeContratista #COI #SegurosEnEspañol #NuevaJersey

No somos agencia con licencia. Te conectamos con agentes con licencia en NJ/NY. Info educativa, no asesoría.","535","https://example-placeholder.com/es/seguro-para-contratistas-en-perth-amboy","false","","","","","draft",""
"local-contractor-insurance-perth-amboy-es-instagram","instagram","es","local","perth-amboy","contractor-insurance","Perth Amboy, NJ: esto es lo que casi nadie te explica sobre seguro para contratistas.

Después de Sandy, buena parte del trabajo residencial en Perth Amboy es reparación, elevación y mitigación de agua.

Te conectamos gratis con un agente con licencia. Escríbenos por WhatsApp.

https://example-placeholder.com/es/seguro-para-contratistas-en-perth-amboy

#Contratistas #SeguroDeContratista #COI #SegurosEnEspañol #NuevaJersey

No somos agencia con licencia. Te conectamos con agentes con licencia en NJ/NY. Info educativa, no asesoría.","535","https://example-placeholder.com/es/seguro-para-contratistas-en-perth-amboy","true","image","Foto o gráfico con el nombre ""Perth Amboy, NJ"" y el texto ""Seguro para Contratistas"". Mostrar gente real de oficio, no stock corporativo.","","","draft",""
"local-contractor-insurance-perth-amboy-es-tiktok","tiktok","es","local","perth-amboy","contractor-insurance","Perth Amboy, NJ: esto es lo que casi nadie te explica sobre seguro para contratistas.

Después de Sandy, buena parte del trabajo residencial en Perth Amboy es reparación, elevación y mitigación de agua.

Te conectamos gratis con un agente con licencia. Escríbenos por WhatsApp.

https://example-placeholder.com/es/seguro-para-contratistas-en-perth-amboy

#Contratistas #SeguroDeContratista #COI #SegurosEnEspañol #NuevaJersey

No somos agencia con licencia. Te conectamos con agentes con licencia en NJ/NY. Info educativa, no asesoría.","535","https://example-placeholder.com/es/seguro-para-contratistas-en-perth-amboy","true","video","Foto o gráfico con el nombre ""Perth Amboy, NJ"" y el texto ""Seguro para Contratistas"". Mostrar gente real de oficio, no stock corporativo.","","GANCHO (0-3s): ""Después de Sandy, buena parte del trabajo residencial en Perth Amboy es reparación, elevación y mitigación de agua.""
DESARROLLO (3-25s): explica el punto con un ejemplo concreto de la zona.
CIERRE (25-30s): ""Te conectamos gratis con un agente con licencia. Link en bio.""","draft",""
"local-contractor-insurance-perth-amboy-en-facebook","facebook","en","local","perth-amboy","contractor-insurance","The question we get most in Perth Amboy about contractor insurance:

Since Sandy, much residential work in Perth Amboy is repair, elevation and water mitigation.

Full explanation here, no cost:

https://example-placeholder.com/en/contractor-insurance-perth-amboy

#Contractors #GeneralLiability #COI #NJInsurance #Bilingual

Not a licensed agency. We connect you with licensed NJ/NY agents. Educational info, not advice.","421","https://example-placeholder.com/en/contractor-insurance-perth-amboy","false","","","","","draft",""
"local-contractor-insurance-perth-amboy-en-instagram","instagram","en","local","perth-amboy","contractor-insurance","The question we get most in Perth Amboy about contractor insurance:

Since Sandy, much residential work in Perth Amboy is repair, elevation and water mitigation.

Full explanation here, no cost:

https://example-placeholder.com/en/contractor-insurance-perth-amboy

#Contractors #GeneralLiability #COI #NJInsurance #Bilingual

Not a licensed agency. We connect you with licensed NJ/NY agents. Educational info, not advice.","421","https://example-placeholder.com/en/contractor-insurance-perth-amboy","true","image","Photo or graphic reading ""Perth Amboy, NJ"" with ""Contractor Insurance"". Real trade workers, not corporate stock.","","","draft",""
"local-contractor-insurance-perth-amboy-en-tiktok","tiktok","en","local","perth-amboy","contractor-insurance","The question we get most in Perth Amboy about contractor insurance:

Since Sandy, much residential work in Perth Amboy is repair, elevation and water mitigation.

Full explanation here, no cost:

https://example-placeholder.com/en/contractor-insurance-perth-amboy

#Contractors #GeneralLiability #COI #NJInsurance #Bilingual

Not a licensed agency. We connect you with licensed NJ/NY agents. Educational info, not advice.","421","https://example-placeholder.com/en/contractor-insurance-perth-amboy","true","video","Photo or graphic reading ""Perth Amboy, NJ"" with ""Contractor Insurance"". Real trade workers, not corporate stock.","","HOOK (0-3s): ""Since Sandy, much residential work in Perth Amboy is repair, elevation and water mitigation.""
BODY (3-25s): explain the point with one concrete local example.
CLOSE (25-30s): ""We connect you with a licensed agent, free. Link in bio.""","draft",""
"local-cheap-auto-insurance-perth-amboy-es-facebook","facebook","es","local","perth-amboy","cheap-auto-insurance","Perth Amboy, NJ: esto es lo que casi nadie te explica sobre seguro de auto barato.

En Perth Amboy la inundación de calles en marejada es normal, y el daño por agua a un carro se cubre bajo comprehensive, no bajo liability ni colisión.

¿Dudas? Escríbenos por WhatsApp y te conectamos con un agente con licencia.

https://example-placeholder.com/es/seguro-de-auto-barato-en-perth-amboy

#SeguroDeAuto #Aseguranza #AutoBarato #SegurosEnEspañol #NuevaJersey

No somos agencia con licencia. Te conectamos con agentes con licencia en NJ/NY. Info educativa, no asesoría.","565","https://example-placeholder.com/es/seguro-de-auto-barato-en-perth-amboy","false","","","","","draft",""
"local-cheap-auto-insurance-perth-amboy-es-instagram","instagram","es","local","perth-amboy","cheap-auto-insurance","Perth Amboy, NJ: esto es lo que casi nadie te explica sobre seguro de auto barato.

En Perth Amboy la inundación de calles en marejada es normal, y el daño por agua a un carro se cubre bajo comprehensive, no bajo liability ni colisión.

¿Dudas? Escríbenos por WhatsApp y te conectamos con un agente con licencia.

https://example-placeholder.com/es/seguro-de-auto-barato-en-perth-amboy

#SeguroDeAuto #Aseguranza #AutoBarato #SegurosEnEspañol #NuevaJersey

No somos agencia con licencia. Te conectamos con agentes con licencia en NJ/NY. Info educativa, no asesoría.","565","https://example-placeholder.com/es/seguro-de-auto-barato-en-perth-amboy","true","image","Foto o gráfico con el nombre ""Perth Amboy, NJ"" y el texto ""Seguro de Auto Barato"". Mostrar gente real de oficio, no stock corporativo.","","","draft",""
"local-cheap-auto-insurance-perth-amboy-es-tiktok","tiktok","es","local","perth-amboy","cheap-auto-insurance","Perth Amboy, NJ: esto es lo que casi nadie te explica sobre seguro de auto barato.

En Perth Amboy la inundación de calles en marejada es normal, y el daño por agua a un carro se cubre bajo comprehensive, no bajo liability ni colisión.

¿Dudas? Escríbenos por WhatsApp y te conectamos con un agente con licencia.

https://example-placeholder.com/es/seguro-de-auto-barato-en-perth-amboy

#SeguroDeAuto #Aseguranza #AutoBarato #SegurosEnEspañol #NuevaJersey

No somos agencia con licencia. Te conectamos con agentes con licencia en NJ/NY. Info educativa, no asesoría.","565","https://example-placeholder.com/es/seguro-de-auto-barato-en-perth-amboy","true","video","Foto o gráfico con el nombre ""Perth Amboy, NJ"" y el texto ""Seguro de Auto Barato"". Mostrar gente real de oficio, no stock corporativo.","","GANCHO (0-3s): ""En Perth Amboy la inundación de calles en marejada es normal, y el daño por agua a un carro se cubre bajo comprehensive, no bajo liability ni colisión.""
DESARROLLO (3-25s): explica el punto con un ejemplo concreto de la zona.
CIERRE (25-30s): ""Te conectamos gratis con un agente con licencia. Link en bio.""","draft",""
"local-cheap-auto-insurance-perth-amboy-en-facebook","facebook","en","local","perth-amboy","cheap-auto-insurance","The question we get most in Perth Amboy about cheap auto insurance:

Street flooding during storm surge is normal in Perth Amboy, and flood damage to a car falls under comprehensive, not liability or collision.

Questions? Message us and we connect you with a licensed agent.

https://example-placeholder.com/en/cheap-auto-insurance-perth-amboy

#AutoInsurance #CarInsurance #NJInsurance #Bilingual

Not a licensed agency. We connect you with licensed NJ/NY agents. Educational info, not advice.","495","https://example-placeholder.com/en/cheap-auto-insurance-perth-amboy","false","","","","","draft",""
"local-cheap-auto-insurance-perth-amboy-en-instagram","instagram","en","local","perth-amboy","cheap-auto-insurance","The question we get most in Perth Amboy about cheap auto insurance:

Street flooding during storm surge is normal in Perth Amboy, and flood damage to a car falls under comprehensive, not liability or collision.

Questions? Message us and we connect you with a licensed agent.

https://example-placeholder.com/en/cheap-auto-insurance-perth-amboy

#AutoInsurance #CarInsurance #NJInsurance #Bilingual

Not a licensed agency. We connect you with licensed NJ/NY agents. Educational info, not advice.","495","https://example-placeholder.com/en/cheap-auto-insurance-perth-amboy","true","image","Photo or graphic reading ""Perth Amboy, NJ"" with ""Cheap Auto Insurance"". Real trade workers, not corporate stock.","","","draft",""
"local-cheap-auto-insurance-perth-amboy-en-tiktok","tiktok","en","local","perth-amboy","cheap-auto-insurance","The question we get most in Perth Amboy about cheap auto insurance:

Street flooding during storm surge is normal in Perth Amboy, and flood damage to a car falls under comprehensive, not liability or collision.

Questions? Message us and we connect you with a licensed agent.

https://example-placeholder.com/en/cheap-auto-insurance-perth-amboy

#AutoInsurance #CarInsurance #NJInsurance #Bilingual

Not a licensed agency. We connect you with licensed NJ/NY agents. Educational info, not advice.","495","https://example-placeholder.com/en/cheap-auto-insurance-perth-amboy","true","video","Photo or graphic reading ""Perth Amboy, NJ"" with ""Cheap Auto Insurance"". Real trade workers, not corporate stock.","","HOOK (0-3s): ""Street flooding during storm surge is normal in Perth Amboy, and flood damage to a car falls under comprehensive, not liability or collision.""
BODY (3-25s): explain the point with one concrete local example.
CLOSE (25-30s): ""We connect you with a licensed agent, free. Link in bio.""","draft",""
"local-renters-insurance-perth-amboy-es-facebook","facebook","es","local","perth-amboy","renters-insurance","Lo que más nos preguntan en Perth Amboy sobre seguro de inquilinos:

Importante y poco sabido: el seguro de inquilino estándar no cubre inundación.

Lo explicamos completo aquí, en español, sin costo:

https://example-placeholder.com/es/seguro-de-inquilinos-en-perth-amboy

#SeguroDeInquilinos #Renta #SegurosEnEspañol #NuevaJersey

No somos agencia con licencia. Te conectamos con agentes con licencia en NJ/NY. Info educativa, no asesoría.","441","https://example-placeholder.com/es/seguro-de-inquilinos-en-perth-amboy","false","","","","","draft",""
"local-renters-insurance-perth-amboy-es-instagram","instagram","es","local","perth-amboy","renters-insurance","Lo que más nos preguntan en Perth Amboy sobre seguro de inquilinos:

Importante y poco sabido: el seguro de inquilino estándar no cubre inundación.

Lo explicamos completo aquí, en español, sin costo:

https://example-placeholder.com/es/seguro-de-inquilinos-en-perth-amboy

#SeguroDeInquilinos #Renta #SegurosEnEspañol #NuevaJersey

No somos agencia con licencia. Te conectamos con agentes con licencia en NJ/NY. Info educativa, no asesoría.","441","https://example-placeholder.com/es/seguro-de-inquilinos-en-perth-amboy","true","image","Foto o gráfico con el nombre ""Perth Amboy, NJ"" y el texto ""Seguro de Inquilinos"". Mostrar gente real de oficio, no stock corporativo.","","","draft",""
"local-renters-insurance-perth-amboy-es-tiktok","tiktok","es","local","perth-amboy","renters-insurance","Lo que más nos preguntan en Perth Amboy sobre seguro de inquilinos:

Importante y poco sabido: el seguro de inquilino estándar no cubre inundación.

Lo explicamos completo aquí, en español, sin costo:

https://example-placeholder.com/es/seguro-de-inquilinos-en-perth-amboy

#SeguroDeInquilinos #Renta #SegurosEnEspañol #NuevaJersey

No somos agencia con licencia. Te conectamos con agentes con licencia en NJ/NY. Info educativa, no asesoría.","441","https://example-placeholder.com/es/seguro-de-inquilinos-en-perth-amboy","true","video","Foto o gráfico con el nombre ""Perth Amboy, NJ"" y el texto ""Seguro de Inquilinos"". Mostrar gente real de oficio, no stock corporativo.","","GANCHO (0-3s): ""Importante y poco sabido: el seguro de inquilino estándar no cubre inundación.""
DESARROLLO (3-25s): explica el punto con un ejemplo concreto de la zona.
CIERRE (25-30s): ""Te conectamos gratis con un agente con licencia. Link en bio.""","draft",""
"local-renters-insurance-perth-amboy-en-facebook","facebook","en","local","perth-amboy","renters-insurance","If you live or work in Perth Amboy, this one's for you.

Important and widely misunderstood: standard renters insurance does not cover flood.

Questions? Message us and we connect you with a licensed agent.

https://example-placeholder.com/en/renters-insurance-perth-amboy

#RentersInsurance #Tenants #NJInsurance #Bilingual

Not a licensed agency. We connect you with licensed NJ/NY agents. Educational info, not advice.","421","https://example-placeholder.com/en/renters-insurance-perth-amboy","false","","","","","draft",""
"local-renters-insurance-perth-amboy-en-instagram","instagram","en","local","perth-amboy","renters-insurance","If you live or work in Perth Amboy, this one's for you.

Important and widely misunderstood: standard renters insurance does not cover flood.

Questions? Message us and we connect you with a licensed agent.

https://example-placeholder.com/en/renters-insurance-perth-amboy

#RentersInsurance #Tenants #NJInsurance #Bilingual

Not a licensed agency. We connect you with licensed NJ/NY agents. Educational info, not advice.","421","https://example-placeholder.com/en/renters-insurance-perth-amboy","true","image","Photo or graphic reading ""Perth Amboy, NJ"" with ""Renters Insurance"". Real trade workers, not corporate stock.","","","draft",""
"local-renters-insurance-perth-amboy-en-tiktok","tiktok","en","local","perth-amboy","renters-insurance","If you live or work in Perth Amboy, this one's for you.

Important and widely misunderstood: standard renters insurance does not cover flood.

Questions? Message us and we connect you with a licensed agent.

https://example-placeholder.com/en/renters-insurance-perth-amboy

#RentersInsurance #Tenants #NJInsurance #Bilingual

Not a licensed agency. We connect you with licensed NJ/NY agents. Educational info, not advice.","421","https://example-placeholder.com/en/renters-insurance-perth-amboy","true","video","Photo or graphic reading ""Perth Amboy, NJ"" with ""Renters Insurance"". Real trade workers, not corporate stock.","","HOOK (0-3s): ""Important and widely misunderstood: standard renters insurance does not cover flood.""
BODY (3-25s): explain the point with one concrete local example.
CLOSE (25-30s): ""We connect you with a licensed agent, free. Link in bio.""","draft",""
"local-workers-comp-perth-amboy-es-facebook","facebook","es","local","perth-amboy","workers-comp","Si trabajas o vives en Perth Amboy, esto te toca.

Perth Amboy mezcla construcción, marina y manufactura ligera.

¿Dudas? Escríbenos por WhatsApp y te conectamos con un agente con licencia.

https://example-placeholder.com/es/compensacion-laboral-en-perth-amboy

#CompensacionLaboral #WorkersComp #Negocios #SegurosEnEspañol #NuevaJersey

No somos agencia con licencia. Te conectamos con agentes con licencia en NJ/NY. Info educativa, no asesoría.","447","https://example-placeholder.com/es/compensacion-laboral-en-perth-amboy","false","","","","","draft",""
"local-workers-comp-perth-amboy-es-instagram","instagram","es","local","perth-amboy","workers-comp","Si trabajas o vives en Perth Amboy, esto te toca.

Perth Amboy mezcla construcción, marina y manufactura ligera.

¿Dudas? Escríbenos por WhatsApp y te conectamos con un agente con licencia.

https://example-placeholder.com/es/compensacion-laboral-en-perth-amboy

#CompensacionLaboral #WorkersComp #Negocios #SegurosEnEspañol #NuevaJersey

No somos agencia con licencia. Te conectamos con agentes con licencia en NJ/NY. Info educativa, no asesoría.","447","https://example-placeholder.com/es/compensacion-laboral-en-perth-amboy","true","image","Foto o gráfico con el nombre ""Perth Amboy, NJ"" y el texto ""Compensación Laboral"". Mostrar gente real de oficio, no stock corporativo.","","","draft",""
"local-workers-comp-perth-amboy-es-tiktok","tiktok","es","local","perth-amboy","workers-comp","Si trabajas o vives en Perth Amboy, esto te toca.

Perth Amboy mezcla construcción, marina y manufactura ligera.

¿Dudas? Escríbenos por WhatsApp y te conectamos con un agente con licencia.

https://example-placeholder.com/es/compensacion-laboral-en-perth-amboy

#CompensacionLaboral #WorkersComp #Negocios #SegurosEnEspañol #NuevaJersey

No somos agencia con licencia. Te conectamos con agentes con licencia en NJ/NY. Info educativa, no asesoría.","447","https://example-placeholder.com/es/compensacion-laboral-en-perth-amboy","true","video","Foto o gráfico con el nombre ""Perth Amboy, NJ"" y el texto ""Compensación Laboral"". Mostrar gente real de oficio, no stock corporativo.","","GANCHO (0-3s): ""Perth Amboy mezcla construcción, marina y manufactura ligera.""
DESARROLLO (3-25s): explica el punto con un ejemplo concreto de la zona.
CIERRE (25-30s): ""Te conectamos gratis con un agente con licencia. Link en bio.""","draft",""
"local-workers-comp-perth-amboy-en-facebook","facebook","en","local","perth-amboy","workers-comp","Perth Amboy, NJ: here's what nobody explains about workers' compensation.

Perth Amboy mixes construction, marine and light manufacturing.

We connect you with a licensed agent, free. Message us on WhatsApp.

https://example-placeholder.com/en/workers-comp-perth-amboy

#WorkersComp #SmallBusiness #NJInsurance #Bilingual

Not a licensed agency. We connect you with licensed NJ/NY agents. Educational info, not advice.","418","https://example-placeholder.com/en/workers-comp-perth-amboy","false","","","","","draft",""
"local-workers-comp-perth-amboy-en-instagram","instagram","en","local","perth-amboy","workers-comp","Perth Amboy, NJ: here's what nobody explains about workers' compensation.

Perth Amboy mixes construction, marine and light manufacturing.

We connect you with a licensed agent, free. Message us on WhatsApp.

https://example-placeholder.com/en/workers-comp-perth-amboy

#WorkersComp #SmallBusiness #NJInsurance #Bilingual

Not a licensed agency. We connect you with licensed NJ/NY agents. Educational info, not advice.","418","https://example-placeholder.com/en/workers-comp-perth-amboy","true","image","Photo or graphic reading ""Perth Amboy, NJ"" with ""Workers' Compensation"". Real trade workers, not corporate stock.","","","draft",""
"local-workers-comp-perth-amboy-en-tiktok","tiktok","en","local","perth-amboy","workers-comp","Perth Amboy, NJ: here's what nobody explains about workers' compensation.

Perth Amboy mixes construction, marine and light manufacturing.

We connect you with a licensed agent, free. Message us on WhatsApp.

https://example-placeholder.com/en/workers-comp-perth-amboy

#WorkersComp #SmallBusiness #NJInsurance #Bilingual

Not a licensed agency. We connect you with licensed NJ/NY agents. Educational info, not advice.","418","https://example-placeholder.com/en/workers-comp-perth-amboy","true","video","Photo or graphic reading ""Perth Amboy, NJ"" with ""Workers' Compensation"". Real trade workers, not corporate stock.","","HOOK (0-3s): ""Perth Amboy mixes construction, marine and light manufacturing.""
BODY (3-25s): explain the point with one concrete local example.
CLOSE (25-30s): ""We connect you with a licensed agent, free. Link in bio.""","draft",""
"local-contractor-insurance-dover-es-facebook","facebook","es","local","dover","contractor-insurance","Si trabajas o vives en Dover, esto te toca.

El contratista de Dover trabaja casi siempre para clientes de Morris County con casas caras, y ahí el cliente pregunta por el seguro antes de pedir el precio.

Te conectamos gratis con un agente con licencia. Escríbenos por WhatsApp.

https://example-placeholder.com/es/seguro-para-contratistas-en-dover

#Contratistas #SeguroDeContratista #COI #SegurosEnEspañol #NuevaJersey

No somos agencia con licencia. Te conectamos con agentes con licencia en NJ/NY. Info educativa, no asesoría.","530","https://example-placeholder.com/es/seguro-para-contratistas-en-dover","false","","","","","draft",""
"local-contractor-insurance-dover-es-instagram","instagram","es","local","dover","contractor-insurance","Si trabajas o vives en Dover, esto te toca.

El contratista de Dover trabaja casi siempre para clientes de Morris County con casas caras, y ahí el cliente pregunta por el seguro antes de pedir el precio.

Te conectamos gratis con un agente con licencia. Escríbenos por WhatsApp.

https://example-placeholder.com/es/seguro-para-contratistas-en-dover

#Contratistas #SeguroDeContratista #COI #SegurosEnEspañol #NuevaJersey

No somos agencia con licencia. Te conectamos con agentes con licencia en NJ/NY. Info educativa, no asesoría.","530","https://example-placeholder.com/es/seguro-para-contratistas-en-dover","true","image","Foto o gráfico con el nombre ""Dover, NJ"" y el texto ""Seguro para Contratistas"". Mostrar gente real de oficio, no stock corporativo.","","","draft",""
"local-contractor-insurance-dover-es-tiktok","tiktok","es","local","dover","contractor-insurance","Si trabajas o vives en Dover, esto te toca.

El contratista de Dover trabaja casi siempre para clientes de Morris County con casas caras, y ahí el cliente pregunta por el seguro antes de pedir el precio.

Te conectamos gratis con un agente con licencia. Escríbenos por WhatsApp.

https://example-placeholder.com/es/seguro-para-contratistas-en-dover

#Contratistas #SeguroDeContratista #COI #SegurosEnEspañol #NuevaJersey

No somos agencia con licencia. Te conectamos con agentes con licencia en NJ/NY. Info educativa, no asesoría.","530","https://example-placeholder.com/es/seguro-para-contratistas-en-dover","true","video","Foto o gráfico con el nombre ""Dover, NJ"" y el texto ""Seguro para Contratistas"". Mostrar gente real de oficio, no stock corporativo.","","GANCHO (0-3s): ""El contratista de Dover trabaja casi siempre para clientes de Morris County con casas caras, y ahí el cliente pregunta por el seguro antes de pedir el precio.""
DESARROLLO (3-25s): explica el punto con un ejemplo concreto de la zona.
CIERRE (25-30s): ""Te conectamos gratis con un agente con licencia. Link en bio.""","draft",""
"local-contractor-insurance-dover-en-facebook","facebook","en","local","dover","contractor-insurance","If you live or work in Dover, this one's for you.

The Dover contractor almost always works for Morris County clients with expensive homes, and there the client asks about insurance before asking about price.

Questions? Message us and we connect you with a licensed agent.

https://example-placeholder.com/en/contractor-insurance-dover

#Contractors #GeneralLiability #COI #NJInsurance #Bilingual

Not a licensed agency. We connect you with licensed NJ/NY agents. Educational info, not advice.","494","https://example-placeholder.com/en/contractor-insurance-dover","false","","","","","draft",""
"local-contractor-insurance-dover-en-instagram","instagram","en","local","dover","contractor-insurance","If you live or work in Dover, this one's for you.

The Dover contractor almost always works for Morris County clients with expensive homes, and there the client asks about insurance before asking about price.

Questions? Message us and we connect you with a licensed agent.

https://example-placeholder.com/en/contractor-insurance-dover

#Contractors #GeneralLiability #COI #NJInsurance #Bilingual

Not a licensed agency. We connect you with licensed NJ/NY agents. Educational info, not advice.","494","https://example-placeholder.com/en/contractor-insurance-dover","true","image","Photo or graphic reading ""Dover, NJ"" with ""Contractor Insurance"". Real trade workers, not corporate stock.","","","draft",""
"local-contractor-insurance-dover-en-tiktok","tiktok","en","local","dover","contractor-insurance","If you live or work in Dover, this one's for you.

The Dover contractor almost always works for Morris County clients with expensive homes, and there the client asks about insurance before asking about price.

Questions? Message us and we connect you with a licensed agent.

https://example-placeholder.com/en/contractor-insurance-dover

#Contractors #GeneralLiability #COI #NJInsurance #Bilingual

Not a licensed agency. We connect you with licensed NJ/NY agents. Educational info, not advice.","494","https://example-placeholder.com/en/contractor-insurance-dover","true","video","Photo or graphic reading ""Dover, NJ"" with ""Contractor Insurance"". Real trade workers, not corporate stock.","","HOOK (0-3s): ""The Dover contractor almost always works for Morris County clients with expensive homes, and there the client asks about insurance before asking about price.""
BODY (3-25s): explain the point with one concrete local example.
CLOSE (25-30s): ""We connect you with a licensed agent, free. Link in bio.""","draft",""
"local-cheap-auto-insurance-dover-es-facebook","facebook","es","local","dover","cheap-auto-insurance","Dover, NJ: esto es lo que casi nadie te explica sobre seguro de auto barato.

Dover es de los pocos puntos de esta lista donde el manejo es de carretera larga, no de ciudad: Route 46, la 80 y la 10 hacia los trabajos.

Lo explicamos completo aquí, en español, sin costo:

https://example-placeholder.com/es/seguro-de-auto-barato-en-dover

#SeguroDeAuto #Aseguranza #AutoBarato #SegurosEnEspañol #NuevaJersey

No somos agencia con licencia. Te conectamos con agentes con licencia en NJ/NY. Info educativa, no asesoría.","517","https://example-placeholder.com/es/seguro-de-auto-barato-en-dover","false","","","","","draft",""
"local-cheap-auto-insurance-dover-es-instagram","instagram","es","local","dover","cheap-auto-insurance","Dover, NJ: esto es lo que casi nadie te explica sobre seguro de auto barato.

Dover es de los pocos puntos de esta lista donde el manejo es de carretera larga, no de ciudad: Route 46, la 80 y la 10 hacia los trabajos.

Lo explicamos completo aquí, en español, sin costo:

https://example-placeholder.com/es/seguro-de-auto-barato-en-dover

#SeguroDeAuto #Aseguranza #AutoBarato #SegurosEnEspañol #NuevaJersey

No somos agencia con licencia. Te conectamos con agentes con licencia en NJ/NY. Info educativa, no asesoría.","517","https://example-placeholder.com/es/seguro-de-auto-barato-en-dover","true","image","Foto o gráfico con el nombre ""Dover, NJ"" y el texto ""Seguro de Auto Barato"". Mostrar gente real de oficio, no stock corporativo.","","","draft",""
"local-cheap-auto-insurance-dover-es-tiktok","tiktok","es","local","dover","cheap-auto-insurance","Dover, NJ: esto es lo que casi nadie te explica sobre seguro de auto barato.

Dover es de los pocos puntos de esta lista donde el manejo es de carretera larga, no de ciudad: Route 46, la 80 y la 10 hacia los trabajos.

Lo explicamos completo aquí, en español, sin costo:

https://example-placeholder.com/es/seguro-de-auto-barato-en-dover

#SeguroDeAuto #Aseguranza #AutoBarato #SegurosEnEspañol #NuevaJersey

No somos agencia con licencia. Te conectamos con agentes con licencia en NJ/NY. Info educativa, no asesoría.","517","https://example-placeholder.com/es/seguro-de-auto-barato-en-dover","true","video","Foto o gráfico con el nombre ""Dover, NJ"" y el texto ""Seguro de Auto Barato"". Mostrar gente real de oficio, no stock corporativo.","","GANCHO (0-3s): ""Dover es de los pocos puntos de esta lista donde el manejo es de carretera larga, no de ciudad: Route 46, la 80 y la 10 hacia los trabajos.""
DESARROLLO (3-25s): explica el punto con un ejemplo concreto de la zona.
CIERRE (25-30s): ""Te conectamos gratis con un agente con licencia. Link en bio.""","draft",""
"local-cheap-auto-insurance-dover-en-facebook","facebook","en","local","dover","cheap-auto-insurance","Dover, NJ: here's what nobody explains about cheap auto insurance.

Dover is one of the few towns on this list where driving is long-haul, not city: Route 46, I-80 and Route 10 out to jobs.

Full explanation here, no cost:

https://example-placeholder.com/en/cheap-auto-insurance-dover

#AutoInsurance #CarInsurance #NJInsurance #Bilingual

Not a licensed agency. We connect you with licensed NJ/NY agents. Educational info, not advice.","436","https://example-placeholder.com/en/cheap-auto-insurance-dover","false","","","","","draft",""
"local-cheap-auto-insurance-dover-en-instagram","instagram","en","local","dover","cheap-auto-insurance","Dover, NJ: here's what nobody explains about cheap auto insurance.

Dover is one of the few towns on this list where driving is long-haul, not city: Route 46, I-80 and Route 10 out to jobs.

Full explanation here, no cost:

https://example-placeholder.com/en/cheap-auto-insurance-dover

#AutoInsurance #CarInsurance #NJInsurance #Bilingual

Not a licensed agency. We connect you with licensed NJ/NY agents. Educational info, not advice.","436","https://example-placeholder.com/en/cheap-auto-insurance-dover","true","image","Photo or graphic reading ""Dover, NJ"" with ""Cheap Auto Insurance"". Real trade workers, not corporate stock.","","","draft",""
"local-cheap-auto-insurance-dover-en-tiktok","tiktok","en","local","dover","cheap-auto-insurance","Dover, NJ: here's what nobody explains about cheap auto insurance.

Dover is one of the few towns on this list where driving is long-haul, not city: Route 46, I-80 and Route 10 out to jobs.

Full explanation here, no cost:

https://example-placeholder.com/en/cheap-auto-insurance-dover

#AutoInsurance #CarInsurance #NJInsurance #Bilingual

Not a licensed agency. We connect you with licensed NJ/NY agents. Educational info, not advice.","436","https://example-placeholder.com/en/cheap-auto-insurance-dover","true","video","Photo or graphic reading ""Dover, NJ"" with ""Cheap Auto Insurance"". Real trade workers, not corporate stock.","","HOOK (0-3s): ""Dover is one of the few towns on this list where driving is long-haul, not city: Route 46, I-80 and Route 10 out to jobs.""
BODY (3-25s): explain the point with one concrete local example.
CLOSE (25-30s): ""We connect you with a licensed agent, free. Link in bio.""","draft",""
"local-renters-insurance-dover-es-facebook","facebook","es","local","dover","renters-insurance","Lo que más nos preguntan en Dover sobre seguro de inquilinos:

El inventario de renta en Dover es sobre todo casas viejas divididas en apartamentos, muchas con calefacción y cableado originales.

Lo explicamos completo aquí, en español, sin costo:

https://example-placeholder.com/es/seguro-de-inquilinos-en-dover

#SeguroDeInquilinos #Renta #SegurosEnEspañol #NuevaJersey

No somos agencia con licencia. Te conectamos con agentes con licencia en NJ/NY. Info educativa, no asesoría.","482","https://example-placeholder.com/es/seguro-de-inquilinos-en-dover","false","","","","","draft",""
"local-renters-insurance-dover-es-instagram","instagram","es","local","dover","renters-insurance","Lo que más nos preguntan en Dover sobre seguro de inquilinos:

El inventario de renta en Dover es sobre todo casas viejas divididas en apartamentos, muchas con calefacción y cableado originales.

Lo explicamos completo aquí, en español, sin costo:

https://example-placeholder.com/es/seguro-de-inquilinos-en-dover

#SeguroDeInquilinos #Renta #SegurosEnEspañol #NuevaJersey

No somos agencia con licencia. Te conectamos con agentes con licencia en NJ/NY. Info educativa, no asesoría.","482","https://example-placeholder.com/es/seguro-de-inquilinos-en-dover","true","image","Foto o gráfico con el nombre ""Dover, NJ"" y el texto ""Seguro de Inquilinos"". Mostrar gente real de oficio, no stock corporativo.","","","draft",""
"local-renters-insurance-dover-es-tiktok","tiktok","es","local","dover","renters-insurance","Lo que más nos preguntan en Dover sobre seguro de inquilinos:

El inventario de renta en Dover es sobre todo casas viejas divididas en apartamentos, muchas con calefacción y cableado originales.

Lo explicamos completo aquí, en español, sin costo:

https://example-placeholder.com/es/seguro-de-inquilinos-en-dover

#SeguroDeInquilinos #Renta #SegurosEnEspañol #NuevaJersey

No somos agencia con licencia. Te conectamos con agentes con licencia en NJ/NY. Info educativa, no asesoría.","482","https://example-placeholder.com/es/seguro-de-inquilinos-en-dover","true","video","Foto o gráfico con el nombre ""Dover, NJ"" y el texto ""Seguro de Inquilinos"". Mostrar gente real de oficio, no stock corporativo.","","GANCHO (0-3s): ""El inventario de renta en Dover es sobre todo casas viejas divididas en apartamentos, muchas con calefacción y cableado originales.""
DESARROLLO (3-25s): explica el punto con un ejemplo concreto de la zona.
CIERRE (25-30s): ""Te conectamos gratis con un agente con licencia. Link en bio.""","draft",""
"local-renters-insurance-dover-en-facebook","facebook","en","local","dover","renters-insurance","Dover, NJ: here's what nobody explains about renters insurance.

Dover's rental stock is mostly old houses cut into apartments, many with original heating and wiring.

Full explanation here, no cost:

https://example-placeholder.com/en/renters-insurance-dover

#RentersInsurance #Tenants #NJInsurance #Bilingual

Not a licensed agency. We connect you with licensed NJ/NY agents. Educational info, not advice.","408","https://example-placeholder.com/en/renters-insurance-dover","false","","","","","draft",""
"local-renters-insurance-dover-en-instagram","instagram","en","local","dover","renters-insurance","Dover, NJ: here's what nobody explains about renters insurance.

Dover's rental stock is mostly old houses cut into apartments, many with original heating and wiring.

Full explanation here, no cost:

https://example-placeholder.com/en/renters-insurance-dover

#RentersInsurance #Tenants #NJInsurance #Bilingual

Not a licensed agency. We connect you with licensed NJ/NY agents. Educational info, not advice.","408","https://example-placeholder.com/en/renters-insurance-dover","true","image","Photo or graphic reading ""Dover, NJ"" with ""Renters Insurance"". Real trade workers, not corporate stock.","","","draft",""
"local-renters-insurance-dover-en-tiktok","tiktok","en","local","dover","renters-insurance","Dover, NJ: here's what nobody explains about renters insurance.

Dover's rental stock is mostly old houses cut into apartments, many with original heating and wiring.

Full explanation here, no cost:

https://example-placeholder.com/en/renters-insurance-dover

#RentersInsurance #Tenants #NJInsurance #Bilingual

Not a licensed agency. We connect you with licensed NJ/NY agents. Educational info, not advice.","408","https://example-placeholder.com/en/renters-insurance-dover","true","video","Photo or graphic reading ""Dover, NJ"" with ""Renters Insurance"". Real trade workers, not corporate stock.","","HOOK (0-3s): ""Dover's rental stock is mostly old houses cut into apartments, many with original heating and wiring.""
BODY (3-25s): explain the point with one concrete local example.
CLOSE (25-30s): ""We connect you with a licensed agent, free. Link in bio.""","draft",""
"local-workers-comp-dover-es-facebook","facebook","es","local","dover","workers-comp","Dover, NJ: esto es lo que casi nadie te explica sobre compensación laboral.

En Dover es muy común la cuadrilla estacional: cuatro personas en verano, una en invierno.

Lo explicamos completo aquí, en español, sin costo:

https://example-placeholder.com/es/compensacion-laboral-en-dover

#CompensacionLaboral #WorkersComp #Negocios #SegurosEnEspañol #NuevaJersey

No somos agencia con licencia. Te conectamos con agentes con licencia en NJ/NY. Info educativa, no asesoría.","472","https://example-placeholder.com/es/compensacion-laboral-en-dover","false","","","","","draft",""
"local-workers-comp-dover-es-instagram","instagram","es","local","dover","workers-comp","Dover, NJ: esto es lo que casi nadie te explica sobre compensación laboral.

En Dover es muy común la cuadrilla estacional: cuatro personas en verano, una en invierno.

Lo explicamos completo aquí, en español, sin costo:

https://example-placeholder.com/es/compensacion-laboral-en-dover

#CompensacionLaboral #WorkersComp #Negocios #SegurosEnEspañol #NuevaJersey

No somos agencia con licencia. Te conectamos con agentes con licencia en NJ/NY. Info educativa, no asesoría.","472","https://example-placeholder.com/es/compensacion-laboral-en-dover","true","image","Foto o gráfico con el nombre ""Dover, NJ"" y el texto ""Compensación Laboral"". Mostrar gente real de oficio, no stock corporativo.","","","draft",""
"local-workers-comp-dover-es-tiktok","tiktok","es","local","dover","workers-comp","Dover, NJ: esto es lo que casi nadie te explica sobre compensación laboral.

En Dover es muy común la cuadrilla estacional: cuatro personas en verano, una en invierno.

Lo explicamos completo aquí, en español, sin costo:

https://example-placeholder.com/es/compensacion-laboral-en-dover

#CompensacionLaboral #WorkersComp #Negocios #SegurosEnEspañol #NuevaJersey

No somos agencia con licencia. Te conectamos con agentes con licencia en NJ/NY. Info educativa, no asesoría.","472","https://example-placeholder.com/es/compensacion-laboral-en-dover","true","video","Foto o gráfico con el nombre ""Dover, NJ"" y el texto ""Compensación Laboral"". Mostrar gente real de oficio, no stock corporativo.","","GANCHO (0-3s): ""En Dover es muy común la cuadrilla estacional: cuatro personas en verano, una en invierno.""
DESARROLLO (3-25s): explica el punto con un ejemplo concreto de la zona.
CIERRE (25-30s): ""Te conectamos gratis con un agente con licencia. Link en bio.""","draft",""
"local-workers-comp-dover-en-facebook","facebook","en","local","dover","workers-comp","The question we get most in Dover about workers' compensation:

Seasonal crews are very common in Dover: four people in summer, one in winter.

Questions? Message us and we connect you with a licensed agent.

https://example-placeholder.com/en/workers-comp-dover

#WorkersComp #SmallBusiness #NJInsurance #Bilingual

Not a licensed agency. We connect you with licensed NJ/NY agents. Educational info, not advice.","412","https://example-placeholder.com/en/workers-comp-dover","false","","","","","draft",""
"local-workers-comp-dover-en-instagram","instagram","en","local","dover","workers-comp","The question we get most in Dover about workers' compensation:

Seasonal crews are very common in Dover: four people in summer, one in winter.

Questions? Message us and we connect you with a licensed agent.

https://example-placeholder.com/en/workers-comp-dover

#WorkersComp #SmallBusiness #NJInsurance #Bilingual

Not a licensed agency. We connect you with licensed NJ/NY agents. Educational info, not advice.","412","https://example-placeholder.com/en/workers-comp-dover","true","image","Photo or graphic reading ""Dover, NJ"" with ""Workers' Compensation"". Real trade workers, not corporate stock.","","","draft",""
"local-workers-comp-dover-en-tiktok","tiktok","en","local","dover","workers-comp","The question we get most in Dover about workers' compensation:

Seasonal crews are very common in Dover: four people in summer, one in winter.

Questions? Message us and we connect you with a licensed agent.

https://example-placeholder.com/en/workers-comp-dover

#WorkersComp #SmallBusiness #NJInsurance #Bilingual

Not a licensed agency. We connect you with licensed NJ/NY agents. Educational info, not advice.","412","https://example-placeholder.com/en/workers-comp-dover","true","video","Photo or graphic reading ""Dover, NJ"" with ""Workers' Compensation"". Real trade workers, not corporate stock.","","HOOK (0-3s): ""Seasonal crews are very common in Dover: four people in summer, one in winter.""
BODY (3-25s): explain the point with one concrete local example.
CLOSE (25-30s): ""We connect you with a licensed agent, free. Link in bio.""","draft",""
"local-contractor-insurance-new-brunswick-es-facebook","facebook","es","local","new-brunswick","contractor-insurance","Lo que más nos preguntan en New Brunswick sobre seguro para contratistas:

New Brunswick tiene construcción institucional constante: Rutgers, hospitales, desarrollo de downtown.

Te conectamos gratis con un agente con licencia. Escríbenos por WhatsApp.

https://example-placeholder.com/es/seguro-para-contratistas-en-new-brunswick

#Contratistas #SeguroDeContratista #COI #SegurosEnEspañol #NuevaJersey

No somos agencia con licencia. Te conectamos con agentes con licencia en NJ/NY. Info educativa, no asesoría.","512","https://example-placeholder.com/es/seguro-para-contratistas-en-new-brunswick","false","","","","","draft",""
"local-contractor-insurance-new-brunswick-es-instagram","instagram","es","local","new-brunswick","contractor-insurance","Lo que más nos preguntan en New Brunswick sobre seguro para contratistas:

New Brunswick tiene construcción institucional constante: Rutgers, hospitales, desarrollo de downtown.

Te conectamos gratis con un agente con licencia. Escríbenos por WhatsApp.

https://example-placeholder.com/es/seguro-para-contratistas-en-new-brunswick

#Contratistas #SeguroDeContratista #COI #SegurosEnEspañol #NuevaJersey

No somos agencia con licencia. Te conectamos con agentes con licencia en NJ/NY. Info educativa, no asesoría.","512","https://example-placeholder.com/es/seguro-para-contratistas-en-new-brunswick","true","image","Foto o gráfico con el nombre ""New Brunswick, NJ"" y el texto ""Seguro para Contratistas"". Mostrar gente real de oficio, no stock corporativo.","","","draft",""
"local-contractor-insurance-new-brunswick-es-tiktok","tiktok","es","local","new-brunswick","contractor-insurance","Lo que más nos preguntan en New Brunswick sobre seguro para contratistas:

New Brunswick tiene construcción institucional constante: Rutgers, hospitales, desarrollo de downtown.

Te conectamos gratis con un agente con licencia. Escríbenos por WhatsApp.

https://example-placeholder.com/es/seguro-para-contratistas-en-new-brunswick

#Contratistas #SeguroDeContratista #COI #SegurosEnEspañol #NuevaJersey

No somos agencia con licencia. Te conectamos con agentes con licencia en NJ/NY. Info educativa, no asesoría.","512","https://example-placeholder.com/es/seguro-para-contratistas-en-new-brunswick","true","video","Foto o gráfico con el nombre ""New Brunswick, NJ"" y el texto ""Seguro para Contratistas"". Mostrar gente real de oficio, no stock corporativo.","","GANCHO (0-3s): ""New Brunswick tiene construcción institucional constante: Rutgers, hospitales, desarrollo de downtown.""
DESARROLLO (3-25s): explica el punto con un ejemplo concreto de la zona.
CIERRE (25-30s): ""Te conectamos gratis con un agente con licencia. Link en bio.""","draft",""
"local-contractor-insurance-new-brunswick-en-facebook","facebook","en","local","new-brunswick","contractor-insurance","The question we get most in New Brunswick about contractor insurance:

New Brunswick has constant institutional construction: Rutgers, hospitals, downtown development.

We connect you with a licensed agent, free. Message us on WhatsApp.

https://example-placeholder.com/en/contractor-insurance-new-brunswick

#Contractors #GeneralLiability #COI #NJInsurance #Bilingual

Not a licensed agency. We connect you with licensed NJ/NY agents. Educational info, not advice.","465","https://example-placeholder.com/en/contractor-insurance-new-brunswick","false","","","","","draft",""
"local-contractor-insurance-new-brunswick-en-instagram","instagram","en","local","new-brunswick","contractor-insurance","The question we get most in New Brunswick about contractor insurance:

New Brunswick has constant institutional construction: Rutgers, hospitals, downtown development.

We connect you with a licensed agent, free. Message us on WhatsApp.

https://example-placeholder.com/en/contractor-insurance-new-brunswick

#Contractors #GeneralLiability #COI #NJInsurance #Bilingual

Not a licensed agency. We connect you with licensed NJ/NY agents. Educational info, not advice.","465","https://example-placeholder.com/en/contractor-insurance-new-brunswick","true","image","Photo or graphic reading ""New Brunswick, NJ"" with ""Contractor Insurance"". Real trade workers, not corporate stock.","","","draft",""
"local-contractor-insurance-new-brunswick-en-tiktok","tiktok","en","local","new-brunswick","contractor-insurance","The question we get most in New Brunswick about contractor insurance:

New Brunswick has constant institutional construction: Rutgers, hospitals, downtown development.

We connect you with a licensed agent, free. Message us on WhatsApp.

https://example-placeholder.com/en/contractor-insurance-new-brunswick

#Contractors #GeneralLiability #COI #NJInsurance #Bilingual

Not a licensed agency. We connect you with licensed NJ/NY agents. Educational info, not advice.","465","https://example-placeholder.com/en/contractor-insurance-new-brunswick","true","video","Photo or graphic reading ""New Brunswick, NJ"" with ""Contractor Insurance"". Real trade workers, not corporate stock.","","HOOK (0-3s): ""New Brunswick has constant institutional construction: Rutgers, hospitals, downtown development.""
BODY (3-25s): explain the point with one concrete local example.
CLOSE (25-30s): ""We connect you with a licensed agent, free. Link in bio.""","draft",""
"local-cheap-auto-insurance-new-brunswick-es-facebook","facebook","es","local","new-brunswick","cheap-auto-insurance","New Brunswick, NJ: esto es lo que casi nadie te explica sobre seguro de auto barato.

El tráfico de New Brunswick es de ciudad universitaria: peatones, ciclistas, calles estrechas y mucho movimiento en horarios raros.

Lo explicamos completo aquí, en español, sin costo:

https://example-placeholder.com/es/seguro-de-auto-barato-en-new-brunswick

#SeguroDeAuto #Aseguranza #AutoBarato #SegurosEnEspañol #NuevaJersey

No somos agencia con licencia. Te conectamos con agentes con licencia en NJ/NY. Info educativa, no asesoría.","525","https://example-placeholder.com/es/seguro-de-auto-barato-en-new-brunswick","false","","","","","draft",""
"local-cheap-auto-insurance-new-brunswick-es-instagram","instagram","es","local","new-brunswick","cheap-auto-insurance","New Brunswick, NJ: esto es lo que casi nadie te explica sobre seguro de auto barato.

El tráfico de New Brunswick es de ciudad universitaria: peatones, ciclistas, calles estrechas y mucho movimiento en horarios raros.

Lo explicamos completo aquí, en español, sin costo:

https://example-placeholder.com/es/seguro-de-auto-barato-en-new-brunswick

#SeguroDeAuto #Aseguranza #AutoBarato #SegurosEnEspañol #NuevaJersey

No somos agencia con licencia. Te conectamos con agentes con licencia en NJ/NY. Info educativa, no asesoría.","525","https://example-placeholder.com/es/seguro-de-auto-barato-en-new-brunswick","true","image","Foto o gráfico con el nombre ""New Brunswick, NJ"" y el texto ""Seguro de Auto Barato"". Mostrar gente real de oficio, no stock corporativo.","","","draft",""
"local-cheap-auto-insurance-new-brunswick-es-tiktok","tiktok","es","local","new-brunswick","cheap-auto-insurance","New Brunswick, NJ: esto es lo que casi nadie te explica sobre seguro de auto barato.

El tráfico de New Brunswick es de ciudad universitaria: peatones, ciclistas, calles estrechas y mucho movimiento en horarios raros.

Lo explicamos completo aquí, en español, sin costo:

https://example-placeholder.com/es/seguro-de-auto-barato-en-new-brunswick

#SeguroDeAuto #Aseguranza #AutoBarato #SegurosEnEspañol #NuevaJersey

No somos agencia con licencia. Te conectamos con agentes con licencia en NJ/NY. Info educativa, no asesoría.","525","https://example-placeholder.com/es/seguro-de-auto-barato-en-new-brunswick","true","video","Foto o gráfico con el nombre ""New Brunswick, NJ"" y el texto ""Seguro de Auto Barato"". Mostrar gente real de oficio, no stock corporativo.","","GANCHO (0-3s): ""El tráfico de New Brunswick es de ciudad universitaria: peatones, ciclistas, calles estrechas y mucho movimiento en horarios raros.""
DESARROLLO (3-25s): explica el punto con un ejemplo concreto de la zona.
CIERRE (25-30s): ""Te conectamos gratis con un agente con licencia. Link en bio.""","draft",""
"local-cheap-auto-insurance-new-brunswick-en-facebook","facebook","en","local","new-brunswick","cheap-auto-insurance","If you live or work in New Brunswick, this one's for you.

New Brunswick traffic is college-town traffic: pedestrians, cyclists, narrow streets and heavy movement at odd hours.

Questions? Message us and we connect you with a licensed agent.

https://example-placeholder.com/en/cheap-auto-insurance-new-brunswick

#AutoInsurance #CarInsurance #NJInsurance #Bilingual

Not a licensed agency. We connect you with licensed NJ/NY agents. Educational info, not advice.","463","https://example-placeholder.com/en/cheap-auto-insurance-new-brunswick","false","","","","","draft",""
"local-cheap-auto-insurance-new-brunswick-en-instagram","instagram","en","local","new-brunswick","cheap-auto-insurance","If you live or work in New Brunswick, this one's for you.

New Brunswick traffic is college-town traffic: pedestrians, cyclists, narrow streets and heavy movement at odd hours.

Questions? Message us and we connect you with a licensed agent.

https://example-placeholder.com/en/cheap-auto-insurance-new-brunswick

#AutoInsurance #CarInsurance #NJInsurance #Bilingual

Not a licensed agency. We connect you with licensed NJ/NY agents. Educational info, not advice.","463","https://example-placeholder.com/en/cheap-auto-insurance-new-brunswick","true","image","Photo or graphic reading ""New Brunswick, NJ"" with ""Cheap Auto Insurance"". Real trade workers, not corporate stock.","","","draft",""
"local-cheap-auto-insurance-new-brunswick-en-tiktok","tiktok","en","local","new-brunswick","cheap-auto-insurance","If you live or work in New Brunswick, this one's for you.

New Brunswick traffic is college-town traffic: pedestrians, cyclists, narrow streets and heavy movement at odd hours.

Questions? Message us and we connect you with a licensed agent.

https://example-placeholder.com/en/cheap-auto-insurance-new-brunswick

#AutoInsurance #CarInsurance #NJInsurance #Bilingual

Not a licensed agency. We connect you with licensed NJ/NY agents. Educational info, not advice.","463","https://example-placeholder.com/en/cheap-auto-insurance-new-brunswick","true","video","Photo or graphic reading ""New Brunswick, NJ"" with ""Cheap Auto Insurance"". Real trade workers, not corporate stock.","","HOOK (0-3s): ""New Brunswick traffic is college-town traffic: pedestrians, cyclists, narrow streets and heavy movement at odd hours.""
BODY (3-25s): explain the point with one concrete local example.
CLOSE (25-30s): ""We connect you with a licensed agent, free. Link in bio.""","draft",""
"local-renters-insurance-new-brunswick-es-facebook","facebook","es","local","new-brunswick","renters-insurance","Lo que más nos preguntan en New Brunswick sobre seguro de inquilinos:

Aquí los landlords que rentan a estudiantes casi siempre exigen seguro de inquilino por contrato, y esa costumbre se está extendiendo al resto del mercado de renta de la ciudad.

Te conectamos gratis con un agente con licencia. Escríbenos por WhatsApp.

https://example-placeholder.com/es/seguro-de-inquilinos-en-new-brunswick

#SeguroDeInquilinos #Renta #SegurosEnEspañol #NuevaJersey

No somos agencia con licencia. Te conectamos con agentes con licencia en NJ/NY. Info educativa, no asesoría.","566","https://example-placeholder.com/es/seguro-de-inquilinos-en-new-brunswick","false","","","","","draft",""
"local-renters-insurance-new-brunswick-es-instagram","instagram","es","local","new-brunswick","renters-insurance","Lo que más nos preguntan en New Brunswick sobre seguro de inquilinos:

Aquí los landlords que rentan a estudiantes casi siempre exigen seguro de inquilino por contrato, y esa costumbre se está extendiendo al resto del mercado de renta de la ciudad.

Te conectamos gratis con un agente con licencia. Escríbenos por WhatsApp.

https://example-placeholder.com/es/seguro-de-inquilinos-en-new-brunswick

#SeguroDeInquilinos #Renta #SegurosEnEspañol #NuevaJersey

No somos agencia con licencia. Te conectamos con agentes con licencia en NJ/NY. Info educativa, no asesoría.","566","https://example-placeholder.com/es/seguro-de-inquilinos-en-new-brunswick","true","image","Foto o gráfico con el nombre ""New Brunswick, NJ"" y el texto ""Seguro de Inquilinos"". Mostrar gente real de oficio, no stock corporativo.","","","draft",""
"local-renters-insurance-new-brunswick-es-tiktok","tiktok","es","local","new-brunswick","renters-insurance","Lo que más nos preguntan en New Brunswick sobre seguro de inquilinos:

Aquí los landlords que rentan a estudiantes casi siempre exigen seguro de inquilino por contrato, y esa costumbre se está extendiendo al resto del mercado de renta de la ciudad.

Te conectamos gratis con un agente con licencia. Escríbenos por WhatsApp.

https://example-placeholder.com/es/seguro-de-inquilinos-en-new-brunswick

#SeguroDeInquilinos #Renta #SegurosEnEspañol #NuevaJersey

No somos agencia con licencia. Te conectamos con agentes con licencia en NJ/NY. Info educativa, no asesoría.","566","https://example-placeholder.com/es/seguro-de-inquilinos-en-new-brunswick","true","video","Foto o gráfico con el nombre ""New Brunswick, NJ"" y el texto ""Seguro de Inquilinos"". Mostrar gente real de oficio, no stock corporativo.","","GANCHO (0-3s): ""Aquí los landlords que rentan a estudiantes casi siempre exigen seguro de inquilino por contrato, y esa costumbre se está extendiendo al resto del mercado de renta de la ciudad.""
DESARROLLO (3-25s): explica el punto con un ejemplo concreto de la zona.
CIERRE (25-30s): ""Te conectamos gratis con un agente con licencia. Link en bio.""","draft",""
"local-renters-insurance-new-brunswick-en-facebook","facebook","en","local","new-brunswick","renters-insurance","If you live or work in New Brunswick, this one's for you.

Landlords renting to students here almost always require renters insurance by contract, and that practice is spreading to the rest of the city's rental market.

Questions? Message us and we connect you with a licensed agent.

https://example-placeholder.com/en/renters-insurance-new-brunswick

#RentersInsurance #Tenants #NJInsurance #Bilingual

Not a licensed agency. We connect you with licensed NJ/NY agents. Educational info, not advice.","500","https://example-placeholder.com/en/renters-insurance-new-brunswick","false","","","","","draft",""
"local-renters-insurance-new-brunswick-en-instagram","instagram","en","local","new-brunswick","renters-insurance","If you live or work in New Brunswick, this one's for you.

Landlords renting to students here almost always require renters insurance by contract, and that practice is spreading to the rest of the city's rental market.

Questions? Message us and we connect you with a licensed agent.

https://example-placeholder.com/en/renters-insurance-new-brunswick

#RentersInsurance #Tenants #NJInsurance #Bilingual

Not a licensed agency. We connect you with licensed NJ/NY agents. Educational info, not advice.","500","https://example-placeholder.com/en/renters-insurance-new-brunswick","true","image","Photo or graphic reading ""New Brunswick, NJ"" with ""Renters Insurance"". Real trade workers, not corporate stock.","","","draft",""
"local-renters-insurance-new-brunswick-en-tiktok","tiktok","en","local","new-brunswick","renters-insurance","If you live or work in New Brunswick, this one's for you.

Landlords renting to students here almost always require renters insurance by contract, and that practice is spreading to the rest of the city's rental market.

Questions? Message us and we connect you with a licensed agent.

https://example-placeholder.com/en/renters-insurance-new-brunswick

#RentersInsurance #Tenants #NJInsurance #Bilingual

Not a licensed agency. We connect you with licensed NJ/NY agents. Educational info, not advice.","500","https://example-placeholder.com/en/renters-insurance-new-brunswick","true","video","Photo or graphic reading ""New Brunswick, NJ"" with ""Renters Insurance"". Real trade workers, not corporate stock.","","HOOK (0-3s): ""Landlords renting to students here almost always require renters insurance by contract, and that practice is spreading to the rest of the city's rental market.""
BODY (3-25s): explain the point with one concrete local example.
CLOSE (25-30s): ""We connect you with a licensed agent, free. Link in bio.""","draft",""
"local-workers-comp-new-brunswick-es-facebook","facebook","es","local","new-brunswick","workers-comp","Si trabajas o vives en New Brunswick, esto te toca.

New Brunswick tiene mucho negocio de servicio: restaurantes, limpieza, paisajismo, además de construcción.

¿Dudas? Escríbenos por WhatsApp y te conectamos con un agente con licencia.

https://example-placeholder.com/es/compensacion-laboral-en-new-brunswick

#CompensacionLaboral #WorkersComp #Negocios #SegurosEnEspañol #NuevaJersey

No somos agencia con licencia. Te conectamos con agentes con licencia en NJ/NY. Info educativa, no asesoría.","496","https://example-placeholder.com/es/compensacion-laboral-en-new-brunswick","false","","","","","draft",""
"local-workers-comp-new-brunswick-es-instagram","instagram","es","local","new-brunswick","workers-comp","Si trabajas o vives en New Brunswick, esto te toca.

New Brunswick tiene mucho negocio de servicio: restaurantes, limpieza, paisajismo, además de construcción.

¿Dudas? Escríbenos por WhatsApp y te conectamos con un agente con licencia.

https://example-placeholder.com/es/compensacion-laboral-en-new-brunswick

#CompensacionLaboral #WorkersComp #Negocios #SegurosEnEspañol #NuevaJersey

No somos agencia con licencia. Te conectamos con agentes con licencia en NJ/NY. Info educativa, no asesoría.","496","https://example-placeholder.com/es/compensacion-laboral-en-new-brunswick","true","image","Foto o gráfico con el nombre ""New Brunswick, NJ"" y el texto ""Compensación Laboral"". Mostrar gente real de oficio, no stock corporativo.","","","draft",""
"local-workers-comp-new-brunswick-es-tiktok","tiktok","es","local","new-brunswick","workers-comp","Si trabajas o vives en New Brunswick, esto te toca.

New Brunswick tiene mucho negocio de servicio: restaurantes, limpieza, paisajismo, además de construcción.

¿Dudas? Escríbenos por WhatsApp y te conectamos con un agente con licencia.

https://example-placeholder.com/es/compensacion-laboral-en-new-brunswick

#CompensacionLaboral #WorkersComp #Negocios #SegurosEnEspañol #NuevaJersey

No somos agencia con licencia. Te conectamos con agentes con licencia en NJ/NY. Info educativa, no asesoría.","496","https://example-placeholder.com/es/compensacion-laboral-en-new-brunswick","true","video","Foto o gráfico con el nombre ""New Brunswick, NJ"" y el texto ""Compensación Laboral"". Mostrar gente real de oficio, no stock corporativo.","","GANCHO (0-3s): ""New Brunswick tiene mucho negocio de servicio: restaurantes, limpieza, paisajismo, además de construcción.""
DESARROLLO (3-25s): explica el punto con un ejemplo concreto de la zona.
CIERRE (25-30s): ""Te conectamos gratis con un agente con licencia. Link en bio.""","draft",""
"local-workers-comp-new-brunswick-en-facebook","facebook","en","local","new-brunswick","workers-comp","The question we get most in New Brunswick about workers' compensation:

New Brunswick has a lot of service businesses: restaurants, cleaning, landscaping, alongside construction.

We connect you with a licensed agent, free. Message us on WhatsApp.

https://example-placeholder.com/en/workers-comp-new-brunswick

#WorkersComp #SmallBusiness #NJInsurance #Bilingual

Not a licensed agency. We connect you with licensed NJ/NY agents. Educational info, not advice.","460","https://example-placeholder.com/en/workers-comp-new-brunswick","false","","","","","draft",""
"local-workers-comp-new-brunswick-en-instagram","instagram","en","local","new-brunswick","workers-comp","The question we get most in New Brunswick about workers' compensation:

New Brunswick has a lot of service businesses: restaurants, cleaning, landscaping, alongside construction.

We connect you with a licensed agent, free. Message us on WhatsApp.

https://example-placeholder.com/en/workers-comp-new-brunswick

#WorkersComp #SmallBusiness #NJInsurance #Bilingual

Not a licensed agency. We connect you with licensed NJ/NY agents. Educational info, not advice.","460","https://example-placeholder.com/en/workers-comp-new-brunswick","true","image","Photo or graphic reading ""New Brunswick, NJ"" with ""Workers' Compensation"". Real trade workers, not corporate stock.","","","draft",""
"local-workers-comp-new-brunswick-en-tiktok","tiktok","en","local","new-brunswick","workers-comp","The question we get most in New Brunswick about workers' compensation:

New Brunswick has a lot of service businesses: restaurants, cleaning, landscaping, alongside construction.

We connect you with a licensed agent, free. Message us on WhatsApp.

https://example-placeholder.com/en/workers-comp-new-brunswick

#WorkersComp #SmallBusiness #NJInsurance #Bilingual

Not a licensed agency. We connect you with licensed NJ/NY agents. Educational info, not advice.","460","https://example-placeholder.com/en/workers-comp-new-brunswick","true","video","Photo or graphic reading ""New Brunswick, NJ"" with ""Workers' Compensation"". Real trade workers, not corporate stock.","","HOOK (0-3s): ""New Brunswick has a lot of service businesses: restaurants, cleaning, landscaping, alongside construction.""
BODY (3-25s): explain the point with one concrete local example.
CLOSE (25-30s): ""We connect you with a licensed agent, free. Link in bio.""","draft",""
"local-contractor-insurance-jackson-heights-es-facebook","facebook","es","local","jackson-heights","contractor-insurance","Si trabajas o vives en Jackson Heights, esto te toca.

Si trabajas desde Jackson Heights, lo más probable es que tu obra esté en Manhattan o en Long Island, no en tu cuadra.

¿Dudas? Escríbenos por WhatsApp y te conectamos con un agente con licencia.

https://example-placeholder.com/es/seguro-para-contratistas-en-jackson-heights

#Contratistas #SeguroDeContratista #COI #SegurosEnEspañol #NuevaJersey

No somos agencia con licencia. Te conectamos con agentes con licencia en NJ/NY. Info educativa, no asesoría.","512","https://example-placeholder.com/es/seguro-para-contratistas-en-jackson-heights","false","","","","","draft",""
"local-contractor-insurance-jackson-heights-es-instagram","instagram","es","local","jackson-heights","contractor-insurance","Si trabajas o vives en Jackson Heights, esto te toca.

Si trabajas desde Jackson Heights, lo más probable es que tu obra esté en Manhattan o en Long Island, no en tu cuadra.

¿Dudas? Escríbenos por WhatsApp y te conectamos con un agente con licencia.

https://example-placeholder.com/es/seguro-para-contratistas-en-jackson-heights

#Contratistas #SeguroDeContratista #COI #SegurosEnEspañol #NuevaJersey

No somos agencia con licencia. Te conectamos con agentes con licencia en NJ/NY. Info educativa, no asesoría.","512","https://example-placeholder.com/es/seguro-para-contratistas-en-jackson-heights","true","image","Foto o gráfico con el nombre ""Jackson Heights, NY"" y el texto ""Seguro para Contratistas"". Mostrar gente real de oficio, no stock corporativo.","","","draft",""
"local-contractor-insurance-jackson-heights-es-tiktok","tiktok","es","local","jackson-heights","contractor-insurance","Si trabajas o vives en Jackson Heights, esto te toca.

Si trabajas desde Jackson Heights, lo más probable es que tu obra esté en Manhattan o en Long Island, no en tu cuadra.

¿Dudas? Escríbenos por WhatsApp y te conectamos con un agente con licencia.

https://example-placeholder.com/es/seguro-para-contratistas-en-jackson-heights

#Contratistas #SeguroDeContratista #COI #SegurosEnEspañol #NuevaJersey

No somos agencia con licencia. Te conectamos con agentes con licencia en NJ/NY. Info educativa, no asesoría.","512","https://example-placeholder.com/es/seguro-para-contratistas-en-jackson-heights","true","video","Foto o gráfico con el nombre ""Jackson Heights, NY"" y el texto ""Seguro para Contratistas"". Mostrar gente real de oficio, no stock corporativo.","","GANCHO (0-3s): ""Si trabajas desde Jackson Heights, lo más probable es que tu obra esté en Manhattan o en Long Island, no en tu cuadra.""
DESARROLLO (3-25s): explica el punto con un ejemplo concreto de la zona.
CIERRE (25-30s): ""Te conectamos gratis con un agente con licencia. Link en bio.""","draft",""
"local-contractor-insurance-jackson-heights-en-facebook","facebook","en","local","jackson-heights","contractor-insurance","The question we get most in Jackson Heights about contractor insurance:

Working out of Jackson Heights, your job site is probably in Manhattan or Long Island, not on your block.

We connect you with a licensed agent, free. Message us on WhatsApp.

https://example-placeholder.com/en/contractor-insurance-jackson-heights

#Contractors #GeneralLiability #COI #NJInsurance #Bilingual

Not a licensed agency. We connect you with licensed NJ/NY agents. Educational info, not advice.","478","https://example-placeholder.com/en/contractor-insurance-jackson-heights","false","","","","","draft",""
"local-contractor-insurance-jackson-heights-en-instagram","instagram","en","local","jackson-heights","contractor-insurance","The question we get most in Jackson Heights about contractor insurance:

Working out of Jackson Heights, your job site is probably in Manhattan or Long Island, not on your block.

We connect you with a licensed agent, free. Message us on WhatsApp.

https://example-placeholder.com/en/contractor-insurance-jackson-heights

#Contractors #GeneralLiability #COI #NJInsurance #Bilingual

Not a licensed agency. We connect you with licensed NJ/NY agents. Educational info, not advice.","478","https://example-placeholder.com/en/contractor-insurance-jackson-heights","true","image","Photo or graphic reading ""Jackson Heights, NY"" with ""Contractor Insurance"". Real trade workers, not corporate stock.","","","draft",""
"local-contractor-insurance-jackson-heights-en-tiktok","tiktok","en","local","jackson-heights","contractor-insurance","The question we get most in Jackson Heights about contractor insurance:

Working out of Jackson Heights, your job site is probably in Manhattan or Long Island, not on your block.

We connect you with a licensed agent, free. Message us on WhatsApp.

https://example-placeholder.com/en/contractor-insurance-jackson-heights

#Contractors #GeneralLiability #COI #NJInsurance #Bilingual

Not a licensed agency. We connect you with licensed NJ/NY agents. Educational info, not advice.","478","https://example-placeholder.com/en/contractor-insurance-jackson-heights","true","video","Photo or graphic reading ""Jackson Heights, NY"" with ""Contractor Insurance"". Real trade workers, not corporate stock.","","HOOK (0-3s): ""Working out of Jackson Heights, your job site is probably in Manhattan or Long Island, not on your block.""
BODY (3-25s): explain the point with one concrete local example.
CLOSE (25-30s): ""We connect you with a licensed agent, free. Link in bio.""","draft",""
"local-cheap-auto-insurance-jackson-heights-es-facebook","facebook","es","local","jackson-heights","cheap-auto-insurance","Si trabajas o vives en Jackson Heights, esto te toca.

Ojo con esto: Nueva York y Nueva Jersey tienen reglas de seguro de auto distintas, y los mínimos de NJ que cambian en 2026 no aplican en NY.

Lo explicamos completo aquí, en español, sin costo:

https://example-placeholder.com/es/seguro-de-auto-barato-en-jackson-heights

#SeguroDeAuto #Aseguranza #AutoBarato #SegurosEnEspañol #NuevaJersey

No somos agencia con licencia. Te conectamos con agentes con licencia en NJ/NY. Info educativa, no asesoría.","505","https://example-placeholder.com/es/seguro-de-auto-barato-en-jackson-heights","false","","","","","draft",""
"local-cheap-auto-insurance-jackson-heights-es-instagram","instagram","es","local","jackson-heights","cheap-auto-insurance","Si trabajas o vives en Jackson Heights, esto te toca.

Ojo con esto: Nueva York y Nueva Jersey tienen reglas de seguro de auto distintas, y los mínimos de NJ que cambian en 2026 no aplican en NY.

Lo explicamos completo aquí, en español, sin costo:

https://example-placeholder.com/es/seguro-de-auto-barato-en-jackson-heights

#SeguroDeAuto #Aseguranza #AutoBarato #SegurosEnEspañol #NuevaJersey

No somos agencia con licencia. Te conectamos con agentes con licencia en NJ/NY. Info educativa, no asesoría.","505","https://example-placeholder.com/es/seguro-de-auto-barato-en-jackson-heights","true","image","Foto o gráfico con el nombre ""Jackson Heights, NY"" y el texto ""Seguro de Auto Barato"". Mostrar gente real de oficio, no stock corporativo.","","","draft",""
"local-cheap-auto-insurance-jackson-heights-es-tiktok","tiktok","es","local","jackson-heights","cheap-auto-insurance","Si trabajas o vives en Jackson Heights, esto te toca.

Ojo con esto: Nueva York y Nueva Jersey tienen reglas de seguro de auto distintas, y los mínimos de NJ que cambian en 2026 no aplican en NY.

Lo explicamos completo aquí, en español, sin costo:

https://example-placeholder.com/es/seguro-de-auto-barato-en-jackson-heights

#SeguroDeAuto #Aseguranza #AutoBarato #SegurosEnEspañol #NuevaJersey

No somos agencia con licencia. Te conectamos con agentes con licencia en NJ/NY. Info educativa, no asesoría.","505","https://example-placeholder.com/es/seguro-de-auto-barato-en-jackson-heights","true","video","Foto o gráfico con el nombre ""Jackson Heights, NY"" y el texto ""Seguro de Auto Barato"". Mostrar gente real de oficio, no stock corporativo.","","GANCHO (0-3s): ""Ojo con esto: Nueva York y Nueva Jersey tienen reglas de seguro de auto distintas, y los mínimos de NJ que cambian en 2026 no aplican en NY.""
DESARROLLO (3-25s): explica el punto con un ejemplo concreto de la zona.
CIERRE (25-30s): ""Te conectamos gratis con un agente con licencia. Link en bio.""","draft",""
"local-cheap-auto-insurance-jackson-heights-en-facebook","facebook","en","local","jackson-heights","cheap-auto-insurance","Jackson Heights, NY: here's what nobody explains about cheap auto insurance.

Watch this one: New York and New Jersey have different auto insurance rules, and the NJ minimums changing in 2026 do not apply in NY.

We connect you with a licensed agent, free. Message us on WhatsApp.

https://example-placeholder.com/en/cheap-auto-insurance-jackson-heights

#AutoInsurance #CarInsurance #NJInsurance #Bilingual

Not a licensed agency. We connect you with licensed NJ/NY agents. Educational info, not advice.","504","https://example-placeholder.com/en/cheap-auto-insurance-jackson-heights","false","","","","","draft",""
"local-cheap-auto-insurance-jackson-heights-en-instagram","instagram","en","local","jackson-heights","cheap-auto-insurance","Jackson Heights, NY: here's what nobody explains about cheap auto insurance.

Watch this one: New York and New Jersey have different auto insurance rules, and the NJ minimums changing in 2026 do not apply in NY.

We connect you with a licensed agent, free. Message us on WhatsApp.

https://example-placeholder.com/en/cheap-auto-insurance-jackson-heights

#AutoInsurance #CarInsurance #NJInsurance #Bilingual

Not a licensed agency. We connect you with licensed NJ/NY agents. Educational info, not advice.","504","https://example-placeholder.com/en/cheap-auto-insurance-jackson-heights","true","image","Photo or graphic reading ""Jackson Heights, NY"" with ""Cheap Auto Insurance"". Real trade workers, not corporate stock.","","","draft",""
"local-cheap-auto-insurance-jackson-heights-en-tiktok","tiktok","en","local","jackson-heights","cheap-auto-insurance","Jackson Heights, NY: here's what nobody explains about cheap auto insurance.

Watch this one: New York and New Jersey have different auto insurance rules, and the NJ minimums changing in 2026 do not apply in NY.

We connect you with a licensed agent, free. Message us on WhatsApp.

https://example-placeholder.com/en/cheap-auto-insurance-jackson-heights

#AutoInsurance #CarInsurance #NJInsurance #Bilingual

Not a licensed agency. We connect you with licensed NJ/NY agents. Educational info, not advice.","504","https://example-placeholder.com/en/cheap-auto-insurance-jackson-heights","true","video","Photo or graphic reading ""Jackson Heights, NY"" with ""Cheap Auto Insurance"". Real trade workers, not corporate stock.","","HOOK (0-3s): ""Watch this one: New York and New Jersey have different auto insurance rules, and the NJ minimums changing in 2026 do not apply in NY.""
BODY (3-25s): explain the point with one concrete local example.
CLOSE (25-30s): ""We connect you with a licensed agent, free. Link in bio.""","draft",""
"local-renters-insurance-jackson-heights-es-facebook","facebook","es","local","jackson-heights","renters-insurance","Jackson Heights, NY: esto es lo que casi nadie te explica sobre seguro de inquilinos.

Jackson Heights es famoso por sus co-ops de ladrillo de los años 20 y 30.

¿Dudas? Escríbenos por WhatsApp y te conectamos con un agente con licencia.

https://example-placeholder.com/es/seguro-de-inquilinos-en-jackson-heights

#SeguroDeInquilinos #Renta #SegurosEnEspañol #NuevaJersey

No somos agencia con licencia. Te conectamos con agentes con licencia en NJ/NY. Info educativa, no asesoría.","482","https://example-placeholder.com/es/seguro-de-inquilinos-en-jackson-heights","false","","","","","draft",""
"local-renters-insurance-jackson-heights-es-instagram","instagram","es","local","jackson-heights","renters-insurance","Jackson Heights, NY: esto es lo que casi nadie te explica sobre seguro de inquilinos.

Jackson Heights es famoso por sus co-ops de ladrillo de los años 20 y 30.

¿Dudas? Escríbenos por WhatsApp y te conectamos con un agente con licencia.

https://example-placeholder.com/es/seguro-de-inquilinos-en-jackson-heights

#SeguroDeInquilinos #Renta #SegurosEnEspañol #NuevaJersey

No somos agencia con licencia. Te conectamos con agentes con licencia en NJ/NY. Info educativa, no asesoría.","482","https://example-placeholder.com/es/seguro-de-inquilinos-en-jackson-heights","true","image","Foto o gráfico con el nombre ""Jackson Heights, NY"" y el texto ""Seguro de Inquilinos"". Mostrar gente real de oficio, no stock corporativo.","","","draft",""
"local-renters-insurance-jackson-heights-es-tiktok","tiktok","es","local","jackson-heights","renters-insurance","Jackson Heights, NY: esto es lo que casi nadie te explica sobre seguro de inquilinos.

Jackson Heights es famoso por sus co-ops de ladrillo de los años 20 y 30.

¿Dudas? Escríbenos por WhatsApp y te conectamos con un agente con licencia.

https://example-placeholder.com/es/seguro-de-inquilinos-en-jackson-heights

#SeguroDeInquilinos #Renta #SegurosEnEspañol #NuevaJersey

No somos agencia con licencia. Te conectamos con agentes con licencia en NJ/NY. Info educativa, no asesoría.","482","https://example-placeholder.com/es/seguro-de-inquilinos-en-jackson-heights","true","video","Foto o gráfico con el nombre ""Jackson Heights, NY"" y el texto ""Seguro de Inquilinos"". Mostrar gente real de oficio, no stock corporativo.","","GANCHO (0-3s): ""Jackson Heights es famoso por sus co-ops de ladrillo de los años 20 y 30.""
DESARROLLO (3-25s): explica el punto con un ejemplo concreto de la zona.
CIERRE (25-30s): ""Te conectamos gratis con un agente con licencia. Link en bio.""","draft",""
"local-renters-insurance-jackson-heights-en-facebook","facebook","en","local","jackson-heights","renters-insurance","If you live or work in Jackson Heights, this one's for you.

Jackson Heights is known for its 1920s and 30s brick co-ops.

Questions? Message us and we connect you with a licensed agent.

https://example-placeholder.com/en/renters-insurance-jackson-heights

#RentersInsurance #Tenants #NJInsurance #Bilingual

Not a licensed agency. We connect you with licensed NJ/NY agents. Educational info, not advice.","405","https://example-placeholder.com/en/renters-insurance-jackson-heights","false","","","","","draft",""
"local-renters-insurance-jackson-heights-en-instagram","instagram","en","local","jackson-heights","renters-insurance","If you live or work in Jackson Heights, this one's for you.

Jackson Heights is known for its 1920s and 30s brick co-ops.

Questions? Message us and we connect you with a licensed agent.

https://example-placeholder.com/en/renters-insurance-jackson-heights

#RentersInsurance #Tenants #NJInsurance #Bilingual

Not a licensed agency. We connect you with licensed NJ/NY agents. Educational info, not advice.","405","https://example-placeholder.com/en/renters-insurance-jackson-heights","true","image","Photo or graphic reading ""Jackson Heights, NY"" with ""Renters Insurance"". Real trade workers, not corporate stock.","","","draft",""
"local-renters-insurance-jackson-heights-en-tiktok","tiktok","en","local","jackson-heights","renters-insurance","If you live or work in Jackson Heights, this one's for you.

Jackson Heights is known for its 1920s and 30s brick co-ops.

Questions? Message us and we connect you with a licensed agent.

https://example-placeholder.com/en/renters-insurance-jackson-heights

#RentersInsurance #Tenants #NJInsurance #Bilingual

Not a licensed agency. We connect you with licensed NJ/NY agents. Educational info, not advice.","405","https://example-placeholder.com/en/renters-insurance-jackson-heights","true","video","Photo or graphic reading ""Jackson Heights, NY"" with ""Renters Insurance"". Real trade workers, not corporate stock.","","HOOK (0-3s): ""Jackson Heights is known for its 1920s and 30s brick co-ops.""
BODY (3-25s): explain the point with one concrete local example.
CLOSE (25-30s): ""We connect you with a licensed agent, free. Link in bio.""","draft",""
"local-workers-comp-jackson-heights-es-facebook","facebook","es","local","jackson-heights","workers-comp","Lo que más nos preguntan en Jackson Heights sobre compensación laboral:

Nueva York exige workers' comp para prácticamente cualquier empleador, y además DBL y Paid Family Leave, que son coberturas separadas.

Te conectamos gratis con un agente con licencia. Escríbenos por WhatsApp.

https://example-placeholder.com/es/compensacion-laboral-en-jackson-heights

#CompensacionLaboral #WorkersComp #Negocios #SegurosEnEspañol #NuevaJersey

No somos agencia con licencia. Te conectamos con agentes con licencia en NJ/NY. Info educativa, no asesoría.","544","https://example-placeholder.com/es/compensacion-laboral-en-jackson-heights","false","","","","","draft",""
"local-workers-comp-jackson-heights-es-instagram","instagram","es","local","jackson-heights","workers-comp","Lo que más nos preguntan en Jackson Heights sobre compensación laboral:

Nueva York exige workers' comp para prácticamente cualquier empleador, y además DBL y Paid Family Leave, que son coberturas separadas.

Te conectamos gratis con un agente con licencia. Escríbenos por WhatsApp.

https://example-placeholder.com/es/compensacion-laboral-en-jackson-heights

#CompensacionLaboral #WorkersComp #Negocios #SegurosEnEspañol #NuevaJersey

No somos agencia con licencia. Te conectamos con agentes con licencia en NJ/NY. Info educativa, no asesoría.","544","https://example-placeholder.com/es/compensacion-laboral-en-jackson-heights","true","image","Foto o gráfico con el nombre ""Jackson Heights, NY"" y el texto ""Compensación Laboral"". Mostrar gente real de oficio, no stock corporativo.","","","draft",""
"local-workers-comp-jackson-heights-es-tiktok","tiktok","es","local","jackson-heights","workers-comp","Lo que más nos preguntan en Jackson Heights sobre compensación laboral:

Nueva York exige workers' comp para prácticamente cualquier empleador, y además DBL y Paid Family Leave, que son coberturas separadas.

Te conectamos gratis con un agente con licencia. Escríbenos por WhatsApp.

https://example-placeholder.com/es/compensacion-laboral-en-jackson-heights

#CompensacionLaboral #WorkersComp #Negocios #SegurosEnEspañol #NuevaJersey

No somos agencia con licencia. Te conectamos con agentes con licencia en NJ/NY. Info educativa, no asesoría.","544","https://example-placeholder.com/es/compensacion-laboral-en-jackson-heights","true","video","Foto o gráfico con el nombre ""Jackson Heights, NY"" y el texto ""Compensación Laboral"". Mostrar gente real de oficio, no stock corporativo.","","GANCHO (0-3s): ""Nueva York exige workers' comp para prácticamente cualquier empleador, y además DBL y Paid Family Leave, que son coberturas separadas.""
DESARROLLO (3-25s): explica el punto con un ejemplo concreto de la zona.
CIERRE (25-30s): ""Te conectamos gratis con un agente con licencia. Link en bio.""","draft",""
"local-workers-comp-jackson-heights-en-facebook","facebook","en","local","jackson-heights","workers-comp","Jackson Heights, NY: here's what nobody explains about workers' compensation.

New York requires workers' comp for virtually every employer, plus DBL and Paid Family Leave, which are separate coverages.

We connect you with a licensed agent, free. Message us on WhatsApp.

https://example-placeholder.com/en/workers-comp-jackson-heights

#WorkersComp #SmallBusiness #NJInsurance #Bilingual

Not a licensed agency. We connect you with licensed NJ/NY agents. Educational info, not advice.","486","https://example-placeholder.com/en/workers-comp-jackson-heights","false","","","","","draft",""
"local-workers-comp-jackson-heights-en-instagram","instagram","en","local","jackson-heights","workers-comp","Jackson Heights, NY: here's what nobody explains about workers' compensation.

New York requires workers' comp for virtually every employer, plus DBL and Paid Family Leave, which are separate coverages.

We connect you with a licensed agent, free. Message us on WhatsApp.

https://example-placeholder.com/en/workers-comp-jackson-heights

#WorkersComp #SmallBusiness #NJInsurance #Bilingual

Not a licensed agency. We connect you with licensed NJ/NY agents. Educational info, not advice.","486","https://example-placeholder.com/en/workers-comp-jackson-heights","true","image","Photo or graphic reading ""Jackson Heights, NY"" with ""Workers' Compensation"". Real trade workers, not corporate stock.","","","draft",""
"local-workers-comp-jackson-heights-en-tiktok","tiktok","en","local","jackson-heights","workers-comp","Jackson Heights, NY: here's what nobody explains about workers' compensation.

New York requires workers' comp for virtually every employer, plus DBL and Paid Family Leave, which are separate coverages.

We connect you with a licensed agent, free. Message us on WhatsApp.

https://example-placeholder.com/en/workers-comp-jackson-heights

#WorkersComp #SmallBusiness #NJInsurance #Bilingual

Not a licensed agency. We connect you with licensed NJ/NY agents. Educational info, not advice.","486","https://example-placeholder.com/en/workers-comp-jackson-heights","true","video","Photo or graphic reading ""Jackson Heights, NY"" with ""Workers' Compensation"". Real trade workers, not corporate stock.","","HOOK (0-3s): ""New York requires workers' comp for virtually every employer, plus DBL and Paid Family Leave, which are separate coverages.""
BODY (3-25s): explain the point with one concrete local example.
CLOSE (25-30s): ""We connect you with a licensed agent, free. Link in bio.""","draft",""
"local-contractor-insurance-corona-es-facebook","facebook","es","local","corona","contractor-insurance","Lo que más nos preguntan en Corona sobre seguro para contratistas:

En Corona abunda el contratista que empezó como empleado y ahora toma sus propios trabajos.

Lo explicamos completo aquí, en español, sin costo:

https://example-placeholder.com/es/seguro-para-contratistas-en-corona

#Contratistas #SeguroDeContratista #COI #SegurosEnEspañol #NuevaJersey

No somos agencia con licencia. Te conectamos con agentes con licencia en NJ/NY. Info educativa, no asesoría.","465","https://example-placeholder.com/es/seguro-para-contratistas-en-corona","false","","","","","draft",""
"local-contractor-insurance-corona-es-instagram","instagram","es","local","corona","contractor-insurance","Lo que más nos preguntan en Corona sobre seguro para contratistas:

En Corona abunda el contratista que empezó como empleado y ahora toma sus propios trabajos.

Lo explicamos completo aquí, en español, sin costo:

https://example-placeholder.com/es/seguro-para-contratistas-en-corona

#Contratistas #SeguroDeContratista #COI #SegurosEnEspañol #NuevaJersey

No somos agencia con licencia. Te conectamos con agentes con licencia en NJ/NY. Info educativa, no asesoría.","465","https://example-placeholder.com/es/seguro-para-contratistas-en-corona","true","image","Foto o gráfico con el nombre ""Corona, NY"" y el texto ""Seguro para Contratistas"". Mostrar gente real de oficio, no stock corporativo.","","","draft",""
"local-contractor-insurance-corona-es-tiktok","tiktok","es","local","corona","contractor-insurance","Lo que más nos preguntan en Corona sobre seguro para contratistas:

En Corona abunda el contratista que empezó como empleado y ahora toma sus propios trabajos.

Lo explicamos completo aquí, en español, sin costo:

https://example-placeholder.com/es/seguro-para-contratistas-en-corona

#Contratistas #SeguroDeContratista #COI #SegurosEnEspañol #NuevaJersey

No somos agencia con licencia. Te conectamos con agentes con licencia en NJ/NY. Info educativa, no asesoría.","465","https://example-placeholder.com/es/seguro-para-contratistas-en-corona","true","video","Foto o gráfico con el nombre ""Corona, NY"" y el texto ""Seguro para Contratistas"". Mostrar gente real de oficio, no stock corporativo.","","GANCHO (0-3s): ""En Corona abunda el contratista que empezó como empleado y ahora toma sus propios trabajos.""
DESARROLLO (3-25s): explica el punto con un ejemplo concreto de la zona.
CIERRE (25-30s): ""Te conectamos gratis con un agente con licencia. Link en bio.""","draft",""
"local-contractor-insurance-corona-en-facebook","facebook","en","local","corona","contractor-insurance","If you live or work in Corona, this one's for you.

Corona is full of contractors who started as employees and now take their own jobs.

Questions? Message us and we connect you with a licensed agent.

https://example-placeholder.com/en/contractor-insurance-corona

#Contractors #GeneralLiability #COI #NJInsurance #Bilingual

Not a licensed agency. We connect you with licensed NJ/NY agents. Educational info, not advice.","422","https://example-placeholder.com/en/contractor-insurance-corona","false","","","","","draft",""
"local-contractor-insurance-corona-en-instagram","instagram","en","local","corona","contractor-insurance","If you live or work in Corona, this one's for you.

Corona is full of contractors who started as employees and now take their own jobs.

Questions? Message us and we connect you with a licensed agent.

https://example-placeholder.com/en/contractor-insurance-corona

#Contractors #GeneralLiability #COI #NJInsurance #Bilingual

Not a licensed agency. We connect you with licensed NJ/NY agents. Educational info, not advice.","422","https://example-placeholder.com/en/contractor-insurance-corona","true","image","Photo or graphic reading ""Corona, NY"" with ""Contractor Insurance"". Real trade workers, not corporate stock.","","","draft",""
"local-contractor-insurance-corona-en-tiktok","tiktok","en","local","corona","contractor-insurance","If you live or work in Corona, this one's for you.

Corona is full of contractors who started as employees and now take their own jobs.

Questions? Message us and we connect you with a licensed agent.

https://example-placeholder.com/en/contractor-insurance-corona

#Contractors #GeneralLiability #COI #NJInsurance #Bilingual

Not a licensed agency. We connect you with licensed NJ/NY agents. Educational info, not advice.","422","https://example-placeholder.com/en/contractor-insurance-corona","true","video","Photo or graphic reading ""Corona, NY"" with ""Contractor Insurance"". Real trade workers, not corporate stock.","","HOOK (0-3s): ""Corona is full of contractors who started as employees and now take their own jobs.""
BODY (3-25s): explain the point with one concrete local example.
CLOSE (25-30s): ""We connect you with a licensed agent, free. Link in bio.""","draft",""
"local-cheap-auto-insurance-corona-es-facebook","facebook","es","local","corona","cheap-auto-insurance","Lo que más nos preguntan en Corona sobre seguro de auto barato:

Muchos en Corona manejan van o pickup de trabajo estacionada en la calle.

¿Dudas? Escríbenos por WhatsApp y te conectamos con un agente con licencia.

https://example-placeholder.com/es/seguro-de-auto-barato-en-corona

#SeguroDeAuto #Aseguranza #AutoBarato #SegurosEnEspañol #NuevaJersey

No somos agencia con licencia. Te conectamos con agentes con licencia en NJ/NY. Info educativa, no asesoría.","463","https://example-placeholder.com/es/seguro-de-auto-barato-en-corona","false","","","","","draft",""
"local-cheap-auto-insurance-corona-es-instagram","instagram","es","local","corona","cheap-auto-insurance","Lo que más nos preguntan en Corona sobre seguro de auto barato:

Muchos en Corona manejan van o pickup de trabajo estacionada en la calle.

¿Dudas? Escríbenos por WhatsApp y te conectamos con un agente con licencia.

https://example-placeholder.com/es/seguro-de-auto-barato-en-corona

#SeguroDeAuto #Aseguranza #AutoBarato #SegurosEnEspañol #NuevaJersey

No somos agencia con licencia. Te conectamos con agentes con licencia en NJ/NY. Info educativa, no asesoría.","463","https://example-placeholder.com/es/seguro-de-auto-barato-en-corona","true","image","Foto o gráfico con el nombre ""Corona, NY"" y el texto ""Seguro de Auto Barato"". Mostrar gente real de oficio, no stock corporativo.","","","draft",""
"local-cheap-auto-insurance-corona-es-tiktok","tiktok","es","local","corona","cheap-auto-insurance","Lo que más nos preguntan en Corona sobre seguro de auto barato:

Muchos en Corona manejan van o pickup de trabajo estacionada en la calle.

¿Dudas? Escríbenos por WhatsApp y te conectamos con un agente con licencia.

https://example-placeholder.com/es/seguro-de-auto-barato-en-corona

#SeguroDeAuto #Aseguranza #AutoBarato #SegurosEnEspañol #NuevaJersey

No somos agencia con licencia. Te conectamos con agentes con licencia en NJ/NY. Info educativa, no asesoría.","463","https://example-placeholder.com/es/seguro-de-auto-barato-en-corona","true","video","Foto o gráfico con el nombre ""Corona, NY"" y el texto ""Seguro de Auto Barato"". Mostrar gente real de oficio, no stock corporativo.","","GANCHO (0-3s): ""Muchos en Corona manejan van o pickup de trabajo estacionada en la calle.""
DESARROLLO (3-25s): explica el punto con un ejemplo concreto de la zona.
CIERRE (25-30s): ""Te conectamos gratis con un agente con licencia. Link en bio.""","draft",""
"local-cheap-auto-insurance-corona-en-facebook","facebook","en","local","corona","cheap-auto-insurance","The question we get most in Corona about cheap auto insurance:

Many in Corona drive a work van or pickup parked on the street.

Questions? Message us and we connect you with a licensed agent.

https://example-placeholder.com/en/cheap-auto-insurance-corona

#AutoInsurance #CarInsurance #NJInsurance #Bilingual

Not a licensed agency. We connect you with licensed NJ/NY agents. Educational info, not advice.","407","https://example-placeholder.com/en/cheap-auto-insurance-corona","false","","","","","draft",""
"local-cheap-auto-insurance-corona-en-instagram","instagram","en","local","corona","cheap-auto-insurance","The question we get most in Corona about cheap auto insurance:

Many in Corona drive a work van or pickup parked on the street.

Questions? Message us and we connect you with a licensed agent.

https://example-placeholder.com/en/cheap-auto-insurance-corona

#AutoInsurance #CarInsurance #NJInsurance #Bilingual

Not a licensed agency. We connect you with licensed NJ/NY agents. Educational info, not advice.","407","https://example-placeholder.com/en/cheap-auto-insurance-corona","true","image","Photo or graphic reading ""Corona, NY"" with ""Cheap Auto Insurance"". Real trade workers, not corporate stock.","","","draft",""
"local-cheap-auto-insurance-corona-en-tiktok","tiktok","en","local","corona","cheap-auto-insurance","The question we get most in Corona about cheap auto insurance:

Many in Corona drive a work van or pickup parked on the street.

Questions? Message us and we connect you with a licensed agent.

https://example-placeholder.com/en/cheap-auto-insurance-corona

#AutoInsurance #CarInsurance #NJInsurance #Bilingual

Not a licensed agency. We connect you with licensed NJ/NY agents. Educational info, not advice.","407","https://example-placeholder.com/en/cheap-auto-insurance-corona","true","video","Photo or graphic reading ""Corona, NY"" with ""Cheap Auto Insurance"". Real trade workers, not corporate stock.","","HOOK (0-3s): ""Many in Corona drive a work van or pickup parked on the street.""
BODY (3-25s): explain the point with one concrete local example.
CLOSE (25-30s): ""We connect you with a licensed agent, free. Link in bio.""","draft",""
"local-renters-insurance-corona-es-facebook","facebook","es","local","corona","renters-insurance","Corona, NY: esto es lo que casi nadie te explica sobre seguro de inquilinos.

Corona tiene mucha vivienda subdividida y ocupación densa, y ahí el riesgo de que un incendio o una fuga afecte a varias familias a la vez es alto.

Te conectamos gratis con un agente con licencia. Escríbenos por WhatsApp.

https://example-placeholder.com/es/seguro-de-inquilinos-en-corona

#SeguroDeInquilinos #Renta #SegurosEnEspañol #NuevaJersey

No somos agencia con licencia. Te conectamos con agentes con licencia en NJ/NY. Info educativa, no asesoría.","536","https://example-placeholder.com/es/seguro-de-inquilinos-en-corona","false","","","","","draft",""
"local-renters-insurance-corona-es-instagram","instagram","es","local","corona","renters-insurance","Corona, NY: esto es lo que casi nadie te explica sobre seguro de inquilinos.

Corona tiene mucha vivienda subdividida y ocupación densa, y ahí el riesgo de que un incendio o una fuga afecte a varias familias a la vez es alto.

Te conectamos gratis con un agente con licencia. Escríbenos por WhatsApp.

https://example-placeholder.com/es/seguro-de-inquilinos-en-corona

#SeguroDeInquilinos #Renta #SegurosEnEspañol #NuevaJersey

No somos agencia con licencia. Te conectamos con agentes con licencia en NJ/NY. Info educativa, no asesoría.","536","https://example-placeholder.com/es/seguro-de-inquilinos-en-corona","true","image","Foto o gráfico con el nombre ""Corona, NY"" y el texto ""Seguro de Inquilinos"". Mostrar gente real de oficio, no stock corporativo.","","","draft",""
"local-renters-insurance-corona-es-tiktok","tiktok","es","local","corona","renters-insurance","Corona, NY: esto es lo que casi nadie te explica sobre seguro de inquilinos.

Corona tiene mucha vivienda subdividida y ocupación densa, y ahí el riesgo de que un incendio o una fuga afecte a varias familias a la vez es alto.

Te conectamos gratis con un agente con licencia. Escríbenos por WhatsApp.

https://example-placeholder.com/es/seguro-de-inquilinos-en-corona

#SeguroDeInquilinos #Renta #SegurosEnEspañol #NuevaJersey

No somos agencia con licencia. Te conectamos con agentes con licencia en NJ/NY. Info educativa, no asesoría.","536","https://example-placeholder.com/es/seguro-de-inquilinos-en-corona","true","video","Foto o gráfico con el nombre ""Corona, NY"" y el texto ""Seguro de Inquilinos"". Mostrar gente real de oficio, no stock corporativo.","","GANCHO (0-3s): ""Corona tiene mucha vivienda subdividida y ocupación densa, y ahí el riesgo de que un incendio o una fuga afecte a varias familias a la vez es alto.""
DESARROLLO (3-25s): explica el punto con un ejemplo concreto de la zona.
CIERRE (25-30s): ""Te conectamos gratis con un agente con licencia. Link en bio.""","draft",""
"local-renters-insurance-corona-en-facebook","facebook","en","local","corona","renters-insurance","Corona, NY: here's what nobody explains about renters insurance.

Corona has a lot of subdivided housing and dense occupancy, where the odds of a fire or leak affecting several families at once are high.

Full explanation here, no cost:

https://example-placeholder.com/en/renters-insurance-corona

#RentersInsurance #Tenants #NJInsurance #Bilingual

Not a licensed agency. We connect you with licensed NJ/NY agents. Educational info, not advice.","446","https://example-placeholder.com/en/renters-insurance-corona","false","","","","","draft",""
"local-renters-insurance-corona-en-instagram","instagram","en","local","corona","renters-insurance","Corona, NY: here's what nobody explains about renters insurance.

Corona has a lot of subdivided housing and dense occupancy, where the odds of a fire or leak affecting several families at once are high.

Full explanation here, no cost:

https://example-placeholder.com/en/renters-insurance-corona

#RentersInsurance #Tenants #NJInsurance #Bilingual

Not a licensed agency. We connect you with licensed NJ/NY agents. Educational info, not advice.","446","https://example-placeholder.com/en/renters-insurance-corona","true","image","Photo or graphic reading ""Corona, NY"" with ""Renters Insurance"". Real trade workers, not corporate stock.","","","draft",""
"local-renters-insurance-corona-en-tiktok","tiktok","en","local","corona","renters-insurance","Corona, NY: here's what nobody explains about renters insurance.

Corona has a lot of subdivided housing and dense occupancy, where the odds of a fire or leak affecting several families at once are high.

Full explanation here, no cost:

https://example-placeholder.com/en/renters-insurance-corona

#RentersInsurance #Tenants #NJInsurance #Bilingual

Not a licensed agency. We connect you with licensed NJ/NY agents. Educational info, not advice.","446","https://example-placeholder.com/en/renters-insurance-corona","true","video","Photo or graphic reading ""Corona, NY"" with ""Renters Insurance"". Real trade workers, not corporate stock.","","HOOK (0-3s): ""Corona has a lot of subdivided housing and dense occupancy, where the odds of a fire or leak affecting several families at once are high.""
BODY (3-25s): explain the point with one concrete local example.
CLOSE (25-30s): ""We connect you with a licensed agent, free. Link in bio.""","draft",""
"local-workers-comp-corona-es-facebook","facebook","es","local","corona","workers-comp","Corona, NY: esto es lo que casi nadie te explica sobre compensación laboral.

En Corona es común la cuadrilla de día que rota entre contratistas.

¿Dudas? Escríbenos por WhatsApp y te conectamos con un agente con licencia.

https://example-placeholder.com/es/compensacion-laboral-en-corona

#CompensacionLaboral #WorkersComp #Negocios #SegurosEnEspañol #NuevaJersey

No somos agencia con licencia. Te conectamos con agentes con licencia en NJ/NY. Info educativa, no asesoría.","475","https://example-placeholder.com/es/compensacion-laboral-en-corona","false","","","","","draft",""
"local-workers-comp-corona-es-instagram","instagram","es","local","corona","workers-comp","Corona, NY: esto es lo que casi nadie te explica sobre compensación laboral.

En Corona es común la cuadrilla de día que rota entre contratistas.

¿Dudas? Escríbenos por WhatsApp y te conectamos con un agente con licencia.

https://example-placeholder.com/es/compensacion-laboral-en-corona

#CompensacionLaboral #WorkersComp #Negocios #SegurosEnEspañol #NuevaJersey

No somos agencia con licencia. Te conectamos con agentes con licencia en NJ/NY. Info educativa, no asesoría.","475","https://example-placeholder.com/es/compensacion-laboral-en-corona","true","image","Foto o gráfico con el nombre ""Corona, NY"" y el texto ""Compensación Laboral"". Mostrar gente real de oficio, no stock corporativo.","","","draft",""
"local-workers-comp-corona-es-tiktok","tiktok","es","local","corona","workers-comp","Corona, NY: esto es lo que casi nadie te explica sobre compensación laboral.

En Corona es común la cuadrilla de día que rota entre contratistas.

¿Dudas? Escríbenos por WhatsApp y te conectamos con un agente con licencia.

https://example-placeholder.com/es/compensacion-laboral-en-corona

#CompensacionLaboral #WorkersComp #Negocios #SegurosEnEspañol #NuevaJersey

No somos agencia con licencia. Te conectamos con agentes con licencia en NJ/NY. Info educativa, no asesoría.","475","https://example-placeholder.com/es/compensacion-laboral-en-corona","true","video","Foto o gráfico con el nombre ""Corona, NY"" y el texto ""Compensación Laboral"". Mostrar gente real de oficio, no stock corporativo.","","GANCHO (0-3s): ""En Corona es común la cuadrilla de día que rota entre contratistas.""
DESARROLLO (3-25s): explica el punto con un ejemplo concreto de la zona.
CIERRE (25-30s): ""Te conectamos gratis con un agente con licencia. Link en bio.""","draft",""
"local-workers-comp-corona-en-facebook","facebook","en","local","corona","workers-comp","Corona, NY: here's what nobody explains about workers' compensation.

Day crews rotating among contractors are common in Corona.

We connect you with a licensed agent, free. Message us on WhatsApp.

https://example-placeholder.com/en/workers-comp-corona

#WorkersComp #SmallBusiness #NJInsurance #Bilingual

Not a licensed agency. We connect you with licensed NJ/NY agents. Educational info, not advice.","403","https://example-placeholder.com/en/workers-comp-corona","false","","","","","draft",""
"local-workers-comp-corona-en-instagram","instagram","en","local","corona","workers-comp","Corona, NY: here's what nobody explains about workers' compensation.

Day crews rotating among contractors are common in Corona.

We connect you with a licensed agent, free. Message us on WhatsApp.

https://example-placeholder.com/en/workers-comp-corona

#WorkersComp #SmallBusiness #NJInsurance #Bilingual

Not a licensed agency. We connect you with licensed NJ/NY agents. Educational info, not advice.","403","https://example-placeholder.com/en/workers-comp-corona","true","image","Photo or graphic reading ""Corona, NY"" with ""Workers' Compensation"". Real trade workers, not corporate stock.","","","draft",""
"local-workers-comp-corona-en-tiktok","tiktok","en","local","corona","workers-comp","Corona, NY: here's what nobody explains about workers' compensation.

Day crews rotating among contractors are common in Corona.

We connect you with a licensed agent, free. Message us on WhatsApp.

https://example-placeholder.com/en/workers-comp-corona

#WorkersComp #SmallBusiness #NJInsurance #Bilingual

Not a licensed agency. We connect you with licensed NJ/NY agents. Educational info, not advice.","403","https://example-placeholder.com/en/workers-comp-corona","true","video","Photo or graphic reading ""Corona, NY"" with ""Workers' Compensation"". Real trade workers, not corporate stock.","","HOOK (0-3s): ""Day crews rotating among contractors are common in Corona.""
BODY (3-25s): explain the point with one concrete local example.
CLOSE (25-30s): ""We connect you with a licensed agent, free. Link in bio.""","draft",""
"local-contractor-insurance-queens-es-facebook","facebook","es","local","queens","contractor-insurance","Lo que más nos preguntan en Queens sobre seguro para contratistas:

Queens es enorme y el trabajo varía muchísimo de barrio en barrio, pero el requisito que no cambia es el del DOB de NYC: para tener y mantener licencia de contratista necesitas responsabilidad civil general activa.

¿Dudas? Escríbenos por WhatsApp y te conectamos con un agente con licencia.

https://example-placeholder.com/es/seguro-para-contratistas-en-queens

#Contratistas #SeguroDeContratista #COI #SegurosEnEspañol #NuevaJersey

No somos agencia con licencia. Te conectamos con agentes con licencia en NJ/NY. Info educativa, no asesoría.","612","https://example-placeholder.com/es/seguro-para-contratistas-en-queens","false","","","","","draft",""
"local-contractor-insurance-queens-es-instagram","instagram","es","local","queens","contractor-insurance","Lo que más nos preguntan en Queens sobre seguro para contratistas:

Queens es enorme y el trabajo varía muchísimo de barrio en barrio, pero el requisito que no cambia es el del DOB de NYC: para tener y mantener licencia de contratista necesitas responsabilidad civil general activa.

¿Dudas? Escríbenos por WhatsApp y te conectamos con un agente con licencia.

https://example-placeholder.com/es/seguro-para-contratistas-en-queens

#Contratistas #SeguroDeContratista #COI #SegurosEnEspañol #NuevaJersey

No somos agencia con licencia. Te conectamos con agentes con licencia en NJ/NY. Info educativa, no asesoría.","612","https://example-placeholder.com/es/seguro-para-contratistas-en-queens","true","image","Foto o gráfico con el nombre ""Queens, NY"" y el texto ""Seguro para Contratistas"". Mostrar gente real de oficio, no stock corporativo.","","","draft",""
"local-contractor-insurance-queens-es-tiktok","tiktok","es","local","queens","contractor-insurance","Lo que más nos preguntan en Queens sobre seguro para contratistas:

Queens es enorme y el trabajo varía muchísimo de barrio en barrio, pero el requisito que no cambia es el del DOB de NYC: para tener y mantener licencia de contratista necesitas responsabilidad civil general activa.

¿Dudas? Escríbenos por WhatsApp y te conectamos con un agente con licencia.

https://example-placeholder.com/es/seguro-para-contratistas-en-queens

#Contratistas #SeguroDeContratista #COI #SegurosEnEspañol #NuevaJersey

No somos agencia con licencia. Te conectamos con agentes con licencia en NJ/NY. Info educativa, no asesoría.","612","https://example-placeholder.com/es/seguro-para-contratistas-en-queens","true","video","Foto o gráfico con el nombre ""Queens, NY"" y el texto ""Seguro para Contratistas"". Mostrar gente real de oficio, no stock corporativo.","","GANCHO (0-3s): ""Queens es enorme y el trabajo varía muchísimo de barrio en barrio, pero el requisito que no cambia es el del DOB de NYC: para tener y mantener licencia de contratista necesitas responsabilidad civil…""
DESARROLLO (3-25s): explica el punto con un ejemplo concreto de la zona.
CIERRE (25-30s): ""Te conectamos gratis con un agente con licencia. Link en bio.""","draft",""
"local-contractor-insurance-queens-en-facebook","facebook","en","local","queens","contractor-insurance","Queens, NY: here's what nobody explains about contractor insurance.

Queens is huge and the work varies enormously by neighborhood, but the one constant is the NYC DOB requirement: to get and keep a contractor license you need active general liability.

We connect you with a licensed agent, free. Message us on WhatsApp.

https://example-placeholder.com/en/contractor-insurance-queens

#Contractors #GeneralLiability #COI #NJInsurance #Bilingual

Not a licensed agency. We connect you with licensed NJ/NY agents. Educational info, not advice.","543","https://example-placeholder.com/en/contractor-insurance-queens","false","","","","","draft",""
"local-contractor-insurance-queens-en-instagram","instagram","en","local","queens","contractor-insurance","Queens, NY: here's what nobody explains about contractor insurance.

Queens is huge and the work varies enormously by neighborhood, but the one constant is the NYC DOB requirement: to get and keep a contractor license you need active general liability.

We connect you with a licensed agent, free. Message us on WhatsApp.

https://example-placeholder.com/en/contractor-insurance-queens

#Contractors #GeneralLiability #COI #NJInsurance #Bilingual

Not a licensed agency. We connect you with licensed NJ/NY agents. Educational info, not advice.","543","https://example-placeholder.com/en/contractor-insurance-queens","true","image","Photo or graphic reading ""Queens, NY"" with ""Contractor Insurance"". Real trade workers, not corporate stock.","","","draft",""
"local-contractor-insurance-queens-en-tiktok","tiktok","en","local","queens","contractor-insurance","Queens, NY: here's what nobody explains about contractor insurance.

Queens is huge and the work varies enormously by neighborhood, but the one constant is the NYC DOB requirement: to get and keep a contractor license you need active general liability.

We connect you with a licensed agent, free. Message us on WhatsApp.

https://example-placeholder.com/en/contractor-insurance-queens

#Contractors #GeneralLiability #COI #NJInsurance #Bilingual

Not a licensed agency. We connect you with licensed NJ/NY agents. Educational info, not advice.","543","https://example-placeholder.com/en/contractor-insurance-queens","true","video","Photo or graphic reading ""Queens, NY"" with ""Contractor Insurance"". Real trade workers, not corporate stock.","","HOOK (0-3s): ""Queens is huge and the work varies enormously by neighborhood, but the one constant is the NYC DOB requirement: to get and keep a contractor license you need active general liability.""
BODY (3-25s): explain the point with one concrete local example.
CLOSE (25-30s): ""We connect you with a licensed agent, free. Link in bio.""","draft",""
"local-cheap-auto-insurance-queens-es-facebook","facebook","es","local","queens","cheap-auto-insurance","Lo que más nos preguntan en Queens sobre seguro de auto barato:

Queens tiene la tasa de propiedad de carro más alta de los cinco condados, y el mercado de seguro de NY funciona con reglas propias: mínimos distintos a los de NJ, y sistema de no-fault propio.

Te conectamos gratis con un agente con licencia. Escríbenos por WhatsApp.

https://example-placeholder.com/es/seguro-de-auto-barato-en-queens

#SeguroDeAuto #Aseguranza #AutoBarato #SegurosEnEspañol #NuevaJersey

No somos agencia con licencia. Te conectamos con agentes con licencia en NJ/NY. Info educativa, no asesoría.","581","https://example-placeholder.com/es/seguro-de-auto-barato-en-queens","false","","","","","draft",""
"local-cheap-auto-insurance-queens-es-instagram","instagram","es","local","queens","cheap-auto-insurance","Lo que más nos preguntan en Queens sobre seguro de auto barato:

Queens tiene la tasa de propiedad de carro más alta de los cinco condados, y el mercado de seguro de NY funciona con reglas propias: mínimos distintos a los de NJ, y sistema de no-fault propio.

Te conectamos gratis con un agente con licencia. Escríbenos por WhatsApp.

https://example-placeholder.com/es/seguro-de-auto-barato-en-queens

#SeguroDeAuto #Aseguranza #AutoBarato #SegurosEnEspañol #NuevaJersey

No somos agencia con licencia. Te conectamos con agentes con licencia en NJ/NY. Info educativa, no asesoría.","581","https://example-placeholder.com/es/seguro-de-auto-barato-en-queens","true","image","Foto o gráfico con el nombre ""Queens, NY"" y el texto ""Seguro de Auto Barato"". Mostrar gente real de oficio, no stock corporativo.","","","draft",""
"local-cheap-auto-insurance-queens-es-tiktok","tiktok","es","local","queens","cheap-auto-insurance","Lo que más nos preguntan en Queens sobre seguro de auto barato:

Queens tiene la tasa de propiedad de carro más alta de los cinco condados, y el mercado de seguro de NY funciona con reglas propias: mínimos distintos a los de NJ, y sistema de no-fault propio.

Te conectamos gratis con un agente con licencia. Escríbenos por WhatsApp.

https://example-placeholder.com/es/seguro-de-auto-barato-en-queens

#SeguroDeAuto #Aseguranza #AutoBarato #SegurosEnEspañol #NuevaJersey

No somos agencia con licencia. Te conectamos con agentes con licencia en NJ/NY. Info educativa, no asesoría.","581","https://example-placeholder.com/es/seguro-de-auto-barato-en-queens","true","video","Foto o gráfico con el nombre ""Queens, NY"" y el texto ""Seguro de Auto Barato"". Mostrar gente real de oficio, no stock corporativo.","","GANCHO (0-3s): ""Queens tiene la tasa de propiedad de carro más alta de los cinco condados, y el mercado de seguro de NY funciona con reglas propias: mínimos distintos a los de NJ, y sistema de no-fault propio.""
DESARROLLO (3-25s): explica el punto con un ejemplo concreto de la zona.
CIERRE (25-30s): ""Te conectamos gratis con un agente con licencia. Link en bio.""","draft",""
"local-cheap-auto-insurance-queens-en-facebook","facebook","en","local","queens","cheap-auto-insurance","Queens, NY: here's what nobody explains about cheap auto insurance.

Queens has the highest car ownership rate of the five boroughs, and the NY insurance market runs on its own rules: different minimums than NJ, and its own no-fault system.

Full explanation here, no cost:

https://example-placeholder.com/en/cheap-auto-insurance-queens

#AutoInsurance #CarInsurance #NJInsurance #Bilingual

Not a licensed agency. We connect you with licensed NJ/NY agents. Educational info, not advice.","488","https://example-placeholder.com/en/cheap-auto-insurance-queens","false","","","","","draft",""
"local-cheap-auto-insurance-queens-en-instagram","instagram","en","local","queens","cheap-auto-insurance","Queens, NY: here's what nobody explains about cheap auto insurance.

Queens has the highest car ownership rate of the five boroughs, and the NY insurance market runs on its own rules: different minimums than NJ, and its own no-fault system.

Full explanation here, no cost:

https://example-placeholder.com/en/cheap-auto-insurance-queens

#AutoInsurance #CarInsurance #NJInsurance #Bilingual

Not a licensed agency. We connect you with licensed NJ/NY agents. Educational info, not advice.","488","https://example-placeholder.com/en/cheap-auto-insurance-queens","true","image","Photo or graphic reading ""Queens, NY"" with ""Cheap Auto Insurance"". Real trade workers, not corporate stock.","","","draft",""
"local-cheap-auto-insurance-queens-en-tiktok","tiktok","en","local","queens","cheap-auto-insurance","Queens, NY: here's what nobody explains about cheap auto insurance.

Queens has the highest car ownership rate of the five boroughs, and the NY insurance market runs on its own rules: different minimums than NJ, and its own no-fault system.

Full explanation here, no cost:

https://example-placeholder.com/en/cheap-auto-insurance-queens

#AutoInsurance #CarInsurance #NJInsurance #Bilingual

Not a licensed agency. We connect you with licensed NJ/NY agents. Educational info, not advice.","488","https://example-placeholder.com/en/cheap-auto-insurance-queens","true","video","Photo or graphic reading ""Queens, NY"" with ""Cheap Auto Insurance"". Real trade workers, not corporate stock.","","HOOK (0-3s): ""Queens has the highest car ownership rate of the five boroughs, and the NY insurance market runs on its own rules: different minimums than NJ, and its own no-fault system.""
BODY (3-25s): explain the point with one concrete local example.
CLOSE (25-30s): ""We connect you with a licensed agent, free. Link in bio.""","draft",""
"local-renters-insurance-queens-es-facebook","facebook","es","local","queens","renters-insurance","Si trabajas o vives en Queens, esto te toca.

En Queens el tipo de edificio cambia todo: co-op, condominio, casa de dos familias o edificio de renta estabilizada tienen divisiones de responsabilidad distintas entre el dueño y tú.

Lo explicamos completo aquí, en español, sin costo:

https://example-placeholder.com/es/seguro-de-inquilinos-en-queens

#SeguroDeInquilinos #Renta #SegurosEnEspañol #NuevaJersey

No somos agencia con licencia. Te conectamos con agentes con licencia en NJ/NY. Info educativa, no asesoría.","518","https://example-placeholder.com/es/seguro-de-inquilinos-en-queens","false","","","","","draft",""
"local-renters-insurance-queens-es-instagram","instagram","es","local","queens","renters-insurance","Si trabajas o vives en Queens, esto te toca.

En Queens el tipo de edificio cambia todo: co-op, condominio, casa de dos familias o edificio de renta estabilizada tienen divisiones de responsabilidad distintas entre el dueño y tú.

Lo explicamos completo aquí, en español, sin costo:

https://example-placeholder.com/es/seguro-de-inquilinos-en-queens

#SeguroDeInquilinos #Renta #SegurosEnEspañol #NuevaJersey

No somos agencia con licencia. Te conectamos con agentes con licencia en NJ/NY. Info educativa, no asesoría.","518","https://example-placeholder.com/es/seguro-de-inquilinos-en-queens","true","image","Foto o gráfico con el nombre ""Queens, NY"" y el texto ""Seguro de Inquilinos"". Mostrar gente real de oficio, no stock corporativo.","","","draft",""
"local-renters-insurance-queens-es-tiktok","tiktok","es","local","queens","renters-insurance","Si trabajas o vives en Queens, esto te toca.

En Queens el tipo de edificio cambia todo: co-op, condominio, casa de dos familias o edificio de renta estabilizada tienen divisiones de responsabilidad distintas entre el dueño y tú.

Lo explicamos completo aquí, en español, sin costo:

https://example-placeholder.com/es/seguro-de-inquilinos-en-queens

#SeguroDeInquilinos #Renta #SegurosEnEspañol #NuevaJersey

No somos agencia con licencia. Te conectamos con agentes con licencia en NJ/NY. Info educativa, no asesoría.","518","https://example-placeholder.com/es/seguro-de-inquilinos-en-queens","true","video","Foto o gráfico con el nombre ""Queens, NY"" y el texto ""Seguro de Inquilinos"". Mostrar gente real de oficio, no stock corporativo.","","GANCHO (0-3s): ""En Queens el tipo de edificio cambia todo: co-op, condominio, casa de dos familias o edificio de renta estabilizada tienen divisiones de responsabilidad distintas entre el dueño y tú.""
DESARROLLO (3-25s): explica el punto con un ejemplo concreto de la zona.
CIERRE (25-30s): ""Te conectamos gratis con un agente con licencia. Link en bio.""","draft",""
"local-renters-insurance-queens-en-facebook","facebook","en","local","queens","renters-insurance","The question we get most in Queens about renters insurance:

In Queens the building type changes everything: co-op, condo, two-family house or rent-stabilized building each split responsibility between owner and tenant differently.

Questions? Message us and we connect you with a licensed agent.

https://example-placeholder.com/en/renters-insurance-queens

#RentersInsurance #Tenants #NJInsurance #Bilingual

Not a licensed agency. We connect you with licensed NJ/NY agents. Educational info, not advice.","506","https://example-placeholder.com/en/renters-insurance-queens","false","","","","","draft",""
"local-renters-insurance-queens-en-instagram","instagram","en","local","queens","renters-insurance","The question we get most in Queens about renters insurance:

In Queens the building type changes everything: co-op, condo, two-family house or rent-stabilized building each split responsibility between owner and tenant differently.

Questions? Message us and we connect you with a licensed agent.

https://example-placeholder.com/en/renters-insurance-queens

#RentersInsurance #Tenants #NJInsurance #Bilingual

Not a licensed agency. We connect you with licensed NJ/NY agents. Educational info, not advice.","506","https://example-placeholder.com/en/renters-insurance-queens","true","image","Photo or graphic reading ""Queens, NY"" with ""Renters Insurance"". Real trade workers, not corporate stock.","","","draft",""
"local-renters-insurance-queens-en-tiktok","tiktok","en","local","queens","renters-insurance","The question we get most in Queens about renters insurance:

In Queens the building type changes everything: co-op, condo, two-family house or rent-stabilized building each split responsibility between owner and tenant differently.

Questions? Message us and we connect you with a licensed agent.

https://example-placeholder.com/en/renters-insurance-queens

#RentersInsurance #Tenants #NJInsurance #Bilingual

Not a licensed agency. We connect you with licensed NJ/NY agents. Educational info, not advice.","506","https://example-placeholder.com/en/renters-insurance-queens","true","video","Photo or graphic reading ""Queens, NY"" with ""Renters Insurance"". Real trade workers, not corporate stock.","","HOOK (0-3s): ""In Queens the building type changes everything: co-op, condo, two-family house or rent-stabilized building each split responsibility between owner and tenant differently.""
BODY (3-25s): explain the point with one concrete local example.
CLOSE (25-30s): ""We connect you with a licensed agent, free. Link in bio.""","draft",""
"local-workers-comp-queens-es-facebook","facebook","es","local","queens","workers-comp","Lo que más nos preguntan en Queens sobre compensación laboral:

Para cualquier negocio con empleados en Queens aplica la ley de NY: workers' comp obligatorio, más DBL y PFL.

¿Dudas? Escríbenos por WhatsApp y te conectamos con un agente con licencia.

https://example-placeholder.com/es/compensacion-laboral-en-queens

#CompensacionLaboral #WorkersComp #Negocios #SegurosEnEspañol #NuevaJersey

No somos agencia con licencia. Te conectamos con agentes con licencia en NJ/NY. Info educativa, no asesoría.","503","https://example-placeholder.com/es/compensacion-laboral-en-queens","false","","","","","draft",""
"local-workers-comp-queens-es-instagram","instagram","es","local","queens","workers-comp","Lo que más nos preguntan en Queens sobre compensación laboral:

Para cualquier negocio con empleados en Queens aplica la ley de NY: workers' comp obligatorio, más DBL y PFL.

¿Dudas? Escríbenos por WhatsApp y te conectamos con un agente con licencia.

https://example-placeholder.com/es/compensacion-laboral-en-queens

#CompensacionLaboral #WorkersComp #Negocios #SegurosEnEspañol #NuevaJersey

No somos agencia con licencia. Te conectamos con agentes con licencia en NJ/NY. Info educativa, no asesoría.","503","https://example-placeholder.com/es/compensacion-laboral-en-queens","true","image","Foto o gráfico con el nombre ""Queens, NY"" y el texto ""Compensación Laboral"". Mostrar gente real de oficio, no stock corporativo.","","","draft",""
"local-workers-comp-queens-es-tiktok","tiktok","es","local","queens","workers-comp","Lo que más nos preguntan en Queens sobre compensación laboral:

Para cualquier negocio con empleados en Queens aplica la ley de NY: workers' comp obligatorio, más DBL y PFL.

¿Dudas? Escríbenos por WhatsApp y te conectamos con un agente con licencia.

https://example-placeholder.com/es/compensacion-laboral-en-queens

#CompensacionLaboral #WorkersComp #Negocios #SegurosEnEspañol #NuevaJersey

No somos agencia con licencia. Te conectamos con agentes con licencia en NJ/NY. Info educativa, no asesoría.","503","https://example-placeholder.com/es/compensacion-laboral-en-queens","true","video","Foto o gráfico con el nombre ""Queens, NY"" y el texto ""Compensación Laboral"". Mostrar gente real de oficio, no stock corporativo.","","GANCHO (0-3s): ""Para cualquier negocio con empleados en Queens aplica la ley de NY: workers' comp obligatorio, más DBL y PFL.""
DESARROLLO (3-25s): explica el punto con un ejemplo concreto de la zona.
CIERRE (25-30s): ""Te conectamos gratis con un agente con licencia. Link en bio.""","draft",""
"local-workers-comp-queens-en-facebook","facebook","en","local","queens","workers-comp","If you live or work in Queens, this one's for you.

Any business with employees in Queens falls under NY law: mandatory workers' comp, plus DBL and PFL.

Questions? Message us and we connect you with a licensed agent.

https://example-placeholder.com/en/workers-comp-queens

#WorkersComp #SmallBusiness #NJInsurance #Bilingual

Not a licensed agency. We connect you with licensed NJ/NY agents. Educational info, not advice.","423","https://example-placeholder.com/en/workers-comp-queens","false","","","","","draft",""
"local-workers-comp-queens-en-instagram","instagram","en","local","queens","workers-comp","If you live or work in Queens, this one's for you.

Any business with employees in Queens falls under NY law: mandatory workers' comp, plus DBL and PFL.

Questions? Message us and we connect you with a licensed agent.

https://example-placeholder.com/en/workers-comp-queens

#WorkersComp #SmallBusiness #NJInsurance #Bilingual

Not a licensed agency. We connect you with licensed NJ/NY agents. Educational info, not advice.","423","https://example-placeholder.com/en/workers-comp-queens","true","image","Photo or graphic reading ""Queens, NY"" with ""Workers' Compensation"". Real trade workers, not corporate stock.","","","draft",""
"local-workers-comp-queens-en-tiktok","tiktok","en","local","queens","workers-comp","If you live or work in Queens, this one's for you.

Any business with employees in Queens falls under NY law: mandatory workers' comp, plus DBL and PFL.

Questions? Message us and we connect you with a licensed agent.

https://example-placeholder.com/en/workers-comp-queens

#WorkersComp #SmallBusiness #NJInsurance #Bilingual

Not a licensed agency. We connect you with licensed NJ/NY agents. Educational info, not advice.","423","https://example-placeholder.com/en/workers-comp-queens","true","video","Photo or graphic reading ""Queens, NY"" with ""Workers' Compensation"". Real trade workers, not corporate stock.","","HOOK (0-3s): ""Any business with employees in Queens falls under NY law: mandatory workers' comp, plus DBL and PFL.""
BODY (3-25s): explain the point with one concrete local example.
CLOSE (25-30s): ""We connect you with a licensed agent, free. Link in bio.""","draft",""
"faq-contractor-insurance-all-es-facebook","facebook","es","faq","","contractor-insurance","¿Cuánta aseguranza de responsabilidad civil necesito para registrarme como contratista en NJ?

La regulación de Nueva Jersey (N.J.A.C.

Te conectamos gratis con un agente con licencia en NJ y NY.

https://example-placeholder.com/es/seguro-para-contratistas

#Contratistas #SeguroDeContratista #COI #SegurosEnEspañol #NuevaJersey

No somos agencia con licencia. Te conectamos con agentes con licencia en NJ/NY. Info educativa, no asesoría.","438","https://example-placeholder.com/es/seguro-para-contratistas","false","","","","","draft",""
"faq-contractor-insurance-all-es-instagram","instagram","es","faq","","contractor-insurance","¿Cuánta aseguranza de responsabilidad civil necesito para registrarme como contratista en NJ?

La regulación de Nueva Jersey (N.J.A.C.

Te conectamos gratis con un agente con licencia en NJ y NY.

https://example-placeholder.com/es/seguro-para-contratistas

#Contratistas #SeguroDeContratista #COI #SegurosEnEspañol #NuevaJersey

No somos agencia con licencia. Te conectamos con agentes con licencia en NJ/NY. Info educativa, no asesoría.","438","https://example-placeholder.com/es/seguro-para-contratistas","true","image","Tarjeta de texto: la pregunta grande arriba, la respuesta corta abajo. Alto contraste, legible en móvil.","","","draft",""
"faq-contractor-insurance-all-es-tiktok","tiktok","es","faq","","contractor-insurance","¿Cuánta aseguranza de responsabilidad civil necesito para registrarme como contratista en NJ?

La regulación de Nueva Jersey (N.J.A.C.

Te conectamos gratis con un agente con licencia en NJ y NY.

https://example-placeholder.com/es/seguro-para-contratistas

#Contratistas #SeguroDeContratista #COI #SegurosEnEspañol #NuevaJersey

No somos agencia con licencia. Te conectamos con agentes con licencia en NJ/NY. Info educativa, no asesoría.","438","https://example-placeholder.com/es/seguro-para-contratistas","true","video","Tarjeta de texto: la pregunta grande arriba, la respuesta corta abajo. Alto contraste, legible en móvil.","","GANCHO (0-3s): ""¿Cuánta aseguranza de responsabilidad civil necesito para registrarme como contratista en NJ?""
DESARROLLO (3-25s): explica el punto con un ejemplo concreto de la zona.
CIERRE (25-30s): ""Te conectamos gratis con un agente con licencia. Link en bio.""","draft",""
"faq-contractor-insurance-all-en-facebook","facebook","en","faq","","contractor-insurance","How much liability insurance do I need to register as a contractor in NJ?

New Jersey regulation (N.J.A.C.

We connect you with a licensed NJ/NY agent, free.

https://example-placeholder.com/en/contractor-insurance

#Contractors #GeneralLiability #COI #NJInsurance #Bilingual

Not a licensed agency. We connect you with licensed NJ/NY agents. Educational info, not advice.","372","https://example-placeholder.com/en/contractor-insurance","false","","","","","draft",""
"faq-contractor-insurance-all-en-instagram","instagram","en","faq","","contractor-insurance","How much liability insurance do I need to register as a contractor in NJ?

New Jersey regulation (N.J.A.C.

We connect you with a licensed NJ/NY agent, free.

https://example-placeholder.com/en/contractor-insurance

#Contractors #GeneralLiability #COI #NJInsurance #Bilingual

Not a licensed agency. We connect you with licensed NJ/NY agents. Educational info, not advice.","372","https://example-placeholder.com/en/contractor-insurance","true","image","Text card: question large on top, short answer below. High contrast, readable on mobile.","","","draft",""
"faq-contractor-insurance-all-en-tiktok","tiktok","en","faq","","contractor-insurance","How much liability insurance do I need to register as a contractor in NJ?

New Jersey regulation (N.J.A.C.

We connect you with a licensed NJ/NY agent, free.

https://example-placeholder.com/en/contractor-insurance

#Contractors #GeneralLiability #COI #NJInsurance #Bilingual

Not a licensed agency. We connect you with licensed NJ/NY agents. Educational info, not advice.","372","https://example-placeholder.com/en/contractor-insurance","true","video","Text card: question large on top, short answer below. High contrast, readable on mobile.","","HOOK (0-3s): ""How much liability insurance do I need to register as a contractor in NJ?""
BODY (3-25s): explain the point with one concrete local example.
CLOSE (25-30s): ""We connect you with a licensed agent, free. Link in bio.""","draft",""
"faq-contractor-insurance-all-es-facebook","facebook","es","faq","","contractor-insurance","¿Necesito workers' comp si trabajo solo, sin empleados?

La ley de NJ (N.J.S.A.

Te conectamos gratis con un agente con licencia en NJ y NY.

https://example-placeholder.com/es/seguro-para-contratistas

#Contratistas #SeguroDeContratista #COI #SegurosEnEspañol #NuevaJersey

No somos agencia con licencia. Te conectamos con agentes con licencia en NJ/NY. Info educativa, no asesoría.","383","https://example-placeholder.com/es/seguro-para-contratistas","false","","","","","draft",""
"faq-contractor-insurance-all-es-instagram","instagram","es","faq","","contractor-insurance","¿Necesito workers' comp si trabajo solo, sin empleados?

La ley de NJ (N.J.S.A.

Te conectamos gratis con un agente con licencia en NJ y NY.

https://example-placeholder.com/es/seguro-para-contratistas

#Contratistas #SeguroDeContratista #COI #SegurosEnEspañol #NuevaJersey

No somos agencia con licencia. Te conectamos con agentes con licencia en NJ/NY. Info educativa, no asesoría.","383","https://example-placeholder.com/es/seguro-para-contratistas","true","image","Tarjeta de texto: la pregunta grande arriba, la respuesta corta abajo. Alto contraste, legible en móvil.","","","draft",""
"faq-contractor-insurance-all-es-tiktok","tiktok","es","faq","","contractor-insurance","¿Necesito workers' comp si trabajo solo, sin empleados?

La ley de NJ (N.J.S.A.

Te conectamos gratis con un agente con licencia en NJ y NY.

https://example-placeholder.com/es/seguro-para-contratistas

#Contratistas #SeguroDeContratista #COI #SegurosEnEspañol #NuevaJersey

No somos agencia con licencia. Te conectamos con agentes con licencia en NJ/NY. Info educativa, no asesoría.","383","https://example-placeholder.com/es/seguro-para-contratistas","true","video","Tarjeta de texto: la pregunta grande arriba, la respuesta corta abajo. Alto contraste, legible en móvil.","","GANCHO (0-3s): ""¿Necesito workers' comp si trabajo solo, sin empleados?""
DESARROLLO (3-25s): explica el punto con un ejemplo concreto de la zona.
CIERRE (25-30s): ""Te conectamos gratis con un agente con licencia. Link en bio.""","draft",""
"faq-contractor-insurance-all-en-facebook","facebook","en","faq","","contractor-insurance","Do I need workers' comp if I work alone with no employees?

NJ law (N.J.S.A.

We connect you with a licensed NJ/NY agent, free.

https://example-placeholder.com/en/contractor-insurance

#Contractors #GeneralLiability #COI #NJInsurance #Bilingual

Not a licensed agency. We connect you with licensed NJ/NY agents. Educational info, not advice.","342","https://example-placeholder.com/en/contractor-insurance","false","","","","","draft",""
"faq-contractor-insurance-all-en-instagram","instagram","en","faq","","contractor-insurance","Do I need workers' comp if I work alone with no employees?

NJ law (N.J.S.A.

We connect you with a licensed NJ/NY agent, free.

https://example-placeholder.com/en/contractor-insurance

#Contractors #GeneralLiability #COI #NJInsurance #Bilingual

Not a licensed agency. We connect you with licensed NJ/NY agents. Educational info, not advice.","342","https://example-placeholder.com/en/contractor-insurance","true","image","Text card: question large on top, short answer below. High contrast, readable on mobile.","","","draft",""
"faq-contractor-insurance-all-en-tiktok","tiktok","en","faq","","contractor-insurance","Do I need workers' comp if I work alone with no employees?

NJ law (N.J.S.A.

We connect you with a licensed NJ/NY agent, free.

https://example-placeholder.com/en/contractor-insurance

#Contractors #GeneralLiability #COI #NJInsurance #Bilingual

Not a licensed agency. We connect you with licensed NJ/NY agents. Educational info, not advice.","342","https://example-placeholder.com/en/contractor-insurance","true","video","Text card: question large on top, short answer below. High contrast, readable on mobile.","","HOOK (0-3s): ""Do I need workers' comp if I work alone with no employees?""
BODY (3-25s): explain the point with one concrete local example.
CLOSE (25-30s): ""We connect you with a licensed agent, free. Link in bio.""","draft",""
"faq-contractor-insurance-all-es-facebook","facebook","es","faq","","contractor-insurance","¿Qué tan rápido puedo tener un certificado (COI) para empezar un trabajo?

Cuando ya tienes una póliza activa, un certificado de seguro normalmente se emite el mismo día; en muchos casos en menos de una hora, porque es un documento que refleja una póliza que ya existe.

Te conectamos gratis con un agente con licencia en NJ y NY.

https://example-placeholder.com/es/seguro-para-contratistas

#Contratistas #SeguroDeContratista #COI #SegurosEnEspañol #NuevaJersey

No somos agencia con licencia. Te conectamos con agentes con licencia en NJ/NY. Info educativa, no asesoría.","573","https://example-placeholder.com/es/seguro-para-contratistas","false","","","","","draft",""
"faq-contractor-insurance-all-es-instagram","instagram","es","faq","","contractor-insurance","¿Qué tan rápido puedo tener un certificado (COI) para empezar un trabajo?

Cuando ya tienes una póliza activa, un certificado de seguro normalmente se emite el mismo día; en muchos casos en menos de una hora, porque es un documento que refleja una póliza que ya existe.

Te conectamos gratis con un agente con licencia en NJ y NY.

https://example-placeholder.com/es/seguro-para-contratistas

#Contratistas #SeguroDeContratista #COI #SegurosEnEspañol #NuevaJersey

No somos agencia con licencia. Te conectamos con agentes con licencia en NJ/NY. Info educativa, no asesoría.","573","https://example-placeholder.com/es/seguro-para-contratistas","true","image","Tarjeta de texto: la pregunta grande arriba, la respuesta corta abajo. Alto contraste, legible en móvil.","","","draft",""
"faq-contractor-insurance-all-es-tiktok","tiktok","es","faq","","contractor-insurance","¿Qué tan rápido puedo tener un certificado (COI) para empezar un trabajo?

Cuando ya tienes una póliza activa, un certificado de seguro normalmente se emite el mismo día; en muchos casos en menos de una hora, porque es un documento que refleja una póliza que ya existe.

Te conectamos gratis con un agente con licencia en NJ y NY.

https://example-placeholder.com/es/seguro-para-contratistas

#Contratistas #SeguroDeContratista #COI #SegurosEnEspañol #NuevaJersey

No somos agencia con licencia. Te conectamos con agentes con licencia en NJ/NY. Info educativa, no asesoría.","573","https://example-placeholder.com/es/seguro-para-contratistas","true","video","Tarjeta de texto: la pregunta grande arriba, la respuesta corta abajo. Alto contraste, legible en móvil.","","GANCHO (0-3s): ""¿Qué tan rápido puedo tener un certificado (COI) para empezar un trabajo?""
DESARROLLO (3-25s): explica el punto con un ejemplo concreto de la zona.
CIERRE (25-30s): ""Te conectamos gratis con un agente con licencia. Link en bio.""","draft",""
"faq-contractor-insurance-all-en-facebook","facebook","en","faq","","contractor-insurance","How fast can I get a certificate (COI) to start a job?

When you already have an active policy, a certificate of insurance is normally issued same day, often within the hour, because it reflects a policy that already exists.

We connect you with a licensed NJ/NY agent, free.

https://example-placeholder.com/en/contractor-insurance

#Contractors #GeneralLiability #COI #NJInsurance #Bilingual

Not a licensed agency. We connect you with licensed NJ/NY agents. Educational info, not advice.","490","https://example-placeholder.com/en/contractor-insurance","false","","","","","draft",""
"faq-contractor-insurance-all-en-instagram","instagram","en","faq","","contractor-insurance","How fast can I get a certificate (COI) to start a job?

When you already have an active policy, a certificate of insurance is normally issued same day, often within the hour, because it reflects a policy that already exists.

We connect you with a licensed NJ/NY agent, free.

https://example-placeholder.com/en/contractor-insurance

#Contractors #GeneralLiability #COI #NJInsurance #Bilingual

Not a licensed agency. We connect you with licensed NJ/NY agents. Educational info, not advice.","490","https://example-placeholder.com/en/contractor-insurance","true","image","Text card: question large on top, short answer below. High contrast, readable on mobile.","","","draft",""
"faq-contractor-insurance-all-en-tiktok","tiktok","en","faq","","contractor-insurance","How fast can I get a certificate (COI) to start a job?

When you already have an active policy, a certificate of insurance is normally issued same day, often within the hour, because it reflects a policy that already exists.

We connect you with a licensed NJ/NY agent, free.

https://example-placeholder.com/en/contractor-insurance

#Contractors #GeneralLiability #COI #NJInsurance #Bilingual

Not a licensed agency. We connect you with licensed NJ/NY agents. Educational info, not advice.","490","https://example-placeholder.com/en/contractor-insurance","true","video","Text card: question large on top, short answer below. High contrast, readable on mobile.","","HOOK (0-3s): ""How fast can I get a certificate (COI) to start a job?""
BODY (3-25s): explain the point with one concrete local example.
CLOSE (25-30s): ""We connect you with a licensed agent, free. Link in bio.""","draft",""
"faq-contractor-insurance-all-es-facebook","facebook","es","faq","","contractor-insurance","¿La aseguranza de contratista cubre mis herramientas si me las roban de la camioneta?

La responsabilidad civil general no cubre tus herramientas: la GL responde por daños que tú le causes a terceros.

Te conectamos gratis con un agente con licencia en NJ y NY.

https://example-placeholder.com/es/seguro-para-contratistas

#Contratistas #SeguroDeContratista #COI #SegurosEnEspañol #NuevaJersey

No somos agencia con licencia. Te conectamos con agentes con licencia en NJ/NY. Info educativa, no asesoría.","504","https://example-placeholder.com/es/seguro-para-contratistas","false","","","","","draft",""
"faq-contractor-insurance-all-es-instagram","instagram","es","faq","","contractor-insurance","¿La aseguranza de contratista cubre mis herramientas si me las roban de la camioneta?

La responsabilidad civil general no cubre tus herramientas: la GL responde por daños que tú le causes a terceros.

Te conectamos gratis con un agente con licencia en NJ y NY.

https://example-placeholder.com/es/seguro-para-contratistas

#Contratistas #SeguroDeContratista #COI #SegurosEnEspañol #NuevaJersey

No somos agencia con licencia. Te conectamos con agentes con licencia en NJ/NY. Info educativa, no asesoría.","504","https://example-placeholder.com/es/seguro-para-contratistas","true","image","Tarjeta de texto: la pregunta grande arriba, la respuesta corta abajo. Alto contraste, legible en móvil.","","","draft",""
"faq-contractor-insurance-all-es-tiktok","tiktok","es","faq","","contractor-insurance","¿La aseguranza de contratista cubre mis herramientas si me las roban de la camioneta?

La responsabilidad civil general no cubre tus herramientas: la GL responde por daños que tú le causes a terceros.

Te conectamos gratis con un agente con licencia en NJ y NY.

https://example-placeholder.com/es/seguro-para-contratistas

#Contratistas #SeguroDeContratista #COI #SegurosEnEspañol #NuevaJersey

No somos agencia con licencia. Te conectamos con agentes con licencia en NJ/NY. Info educativa, no asesoría.","504","https://example-placeholder.com/es/seguro-para-contratistas","true","video","Tarjeta de texto: la pregunta grande arriba, la respuesta corta abajo. Alto contraste, legible en móvil.","","GANCHO (0-3s): ""¿La aseguranza de contratista cubre mis herramientas si me las roban de la camioneta?""
DESARROLLO (3-25s): explica el punto con un ejemplo concreto de la zona.
CIERRE (25-30s): ""Te conectamos gratis con un agente con licencia. Link en bio.""","draft",""
"faq-contractor-insurance-all-en-facebook","facebook","en","faq","","contractor-insurance","Does contractor insurance cover my tools if they're stolen from the truck?

General liability does not cover your tools: GL responds to damage you cause to third parties.

We connect you with a licensed NJ/NY agent, free.

https://example-placeholder.com/en/contractor-insurance

#Contractors #GeneralLiability #COI #NJInsurance #Bilingual

Not a licensed agency. We connect you with licensed NJ/NY agents. Educational info, not advice.","436","https://example-placeholder.com/en/contractor-insurance","false","","","","","draft",""
"faq-contractor-insurance-all-en-instagram","instagram","en","faq","","contractor-insurance","Does contractor insurance cover my tools if they're stolen from the truck?

General liability does not cover your tools: GL responds to damage you cause to third parties.

We connect you with a licensed NJ/NY agent, free.

https://example-placeholder.com/en/contractor-insurance

#Contractors #GeneralLiability #COI #NJInsurance #Bilingual

Not a licensed agency. We connect you with licensed NJ/NY agents. Educational info, not advice.","436","https://example-placeholder.com/en/contractor-insurance","true","image","Text card: question large on top, short answer below. High contrast, readable on mobile.","","","draft",""
"faq-contractor-insurance-all-en-tiktok","tiktok","en","faq","","contractor-insurance","Does contractor insurance cover my tools if they're stolen from the truck?

General liability does not cover your tools: GL responds to damage you cause to third parties.

We connect you with a licensed NJ/NY agent, free.

https://example-placeholder.com/en/contractor-insurance

#Contractors #GeneralLiability #COI #NJInsurance #Bilingual

Not a licensed agency. We connect you with licensed NJ/NY agents. Educational info, not advice.","436","https://example-placeholder.com/en/contractor-insurance","true","video","Text card: question large on top, short answer below. High contrast, readable on mobile.","","HOOK (0-3s): ""Does contractor insurance cover my tools if they're stolen from the truck?""
BODY (3-25s): explain the point with one concrete local example.
CLOSE (25-30s): ""We connect you with a licensed agent, free. Link in bio.""","draft",""
"faq-contractor-insurance-all-es-facebook","facebook","es","faq","","contractor-insurance","¿Puedo conseguir aseguranza de contratista con ITIN, sin número de Seguro Social?

Muchas aseguradoras comerciales aceptan ITIN o el EIN del negocio para emitir una póliza comercial, aunque no todas.

Te conectamos gratis con un agente con licencia en NJ y NY.

https://example-placeholder.com/es/seguro-para-contratistas

#Contratistas #SeguroDeContratista #COI #SegurosEnEspañol #NuevaJersey

No somos agencia con licencia. Te conectamos con agentes con licencia en NJ/NY. Info educativa, no asesoría.","503","https://example-placeholder.com/es/seguro-para-contratistas","false","","","","","draft",""
"faq-contractor-insurance-all-es-instagram","instagram","es","faq","","contractor-insurance","¿Puedo conseguir aseguranza de contratista con ITIN, sin número de Seguro Social?

Muchas aseguradoras comerciales aceptan ITIN o el EIN del negocio para emitir una póliza comercial, aunque no todas.

Te conectamos gratis con un agente con licencia en NJ y NY.

https://example-placeholder.com/es/seguro-para-contratistas

#Contratistas #SeguroDeContratista #COI #SegurosEnEspañol #NuevaJersey

No somos agencia con licencia. Te conectamos con agentes con licencia en NJ/NY. Info educativa, no asesoría.","503","https://example-placeholder.com/es/seguro-para-contratistas","true","image","Tarjeta de texto: la pregunta grande arriba, la respuesta corta abajo. Alto contraste, legible en móvil.","","","draft",""
"faq-contractor-insurance-all-es-tiktok","tiktok","es","faq","","contractor-insurance","¿Puedo conseguir aseguranza de contratista con ITIN, sin número de Seguro Social?

Muchas aseguradoras comerciales aceptan ITIN o el EIN del negocio para emitir una póliza comercial, aunque no todas.

Te conectamos gratis con un agente con licencia en NJ y NY.

https://example-placeholder.com/es/seguro-para-contratistas

#Contratistas #SeguroDeContratista #COI #SegurosEnEspañol #NuevaJersey

No somos agencia con licencia. Te conectamos con agentes con licencia en NJ/NY. Info educativa, no asesoría.","503","https://example-placeholder.com/es/seguro-para-contratistas","true","video","Tarjeta de texto: la pregunta grande arriba, la respuesta corta abajo. Alto contraste, legible en móvil.","","GANCHO (0-3s): ""¿Puedo conseguir aseguranza de contratista con ITIN, sin número de Seguro Social?""
DESARROLLO (3-25s): explica el punto con un ejemplo concreto de la zona.
CIERRE (25-30s): ""Te conectamos gratis con un agente con licencia. Link en bio.""","draft",""
"faq-contractor-insurance-all-en-facebook","facebook","en","faq","","contractor-insurance","Can I get contractor insurance with an ITIN and no Social Security number?

Many commercial carriers accept an ITIN or the business EIN to issue a commercial policy, though not all do.

We connect you with a licensed NJ/NY agent, free.

https://example-placeholder.com/en/contractor-insurance

#Contractors #GeneralLiability #COI #NJInsurance #Bilingual

Not a licensed agency. We connect you with licensed NJ/NY agents. Educational info, not advice.","450","https://example-placeholder.com/en/contractor-insurance","false","","","","","draft",""
"faq-contractor-insurance-all-en-instagram","instagram","en","faq","","contractor-insurance","Can I get contractor insurance with an ITIN and no Social Security number?

Many commercial carriers accept an ITIN or the business EIN to issue a commercial policy, though not all do.

We connect you with a licensed NJ/NY agent, free.

https://example-placeholder.com/en/contractor-insurance

#Contractors #GeneralLiability #COI #NJInsurance #Bilingual

Not a licensed agency. We connect you with licensed NJ/NY agents. Educational info, not advice.","450","https://example-placeholder.com/en/contractor-insurance","true","image","Text card: question large on top, short answer below. High contrast, readable on mobile.","","","draft",""
"faq-contractor-insurance-all-en-tiktok","tiktok","en","faq","","contractor-insurance","Can I get contractor insurance with an ITIN and no Social Security number?

Many commercial carriers accept an ITIN or the business EIN to issue a commercial policy, though not all do.

We connect you with a licensed NJ/NY agent, free.

https://example-placeholder.com/en/contractor-insurance

#Contractors #GeneralLiability #COI #NJInsurance #Bilingual

Not a licensed agency. We connect you with licensed NJ/NY agents. Educational info, not advice.","450","https://example-placeholder.com/en/contractor-insurance","true","video","Text card: question large on top, short answer below. High contrast, readable on mobile.","","HOOK (0-3s): ""Can I get contractor insurance with an ITIN and no Social Security number?""
BODY (3-25s): explain the point with one concrete local example.
CLOSE (25-30s): ""We connect you with a licensed agent, free. Link in bio.""","draft",""
"faq-cheap-auto-insurance-all-es-facebook","facebook","es","faq","","cheap-auto-insurance","¿Cuál es el mínimo de aseguranza de carro que exige Nueva Jersey?

Hasta 2025 el mínimo de responsabilidad en NJ es 25/50/25: $25,000 por persona por lesiones corporales, $50,000 por accidente y $25,000 por daños a la propiedad.

Te conectamos gratis con un agente con licencia en NJ y NY.

https://example-placeholder.com/es/seguro-de-auto-barato

#SeguroDeAuto #Aseguranza #AutoBarato #SegurosEnEspañol #NuevaJersey

No somos agencia con licencia. Te conectamos con agentes con licencia en NJ/NY. Info educativa, no asesoría.","527","https://example-placeholder.com/es/seguro-de-auto-barato","false","","","","","draft",""
"faq-cheap-auto-insurance-all-es-instagram","instagram","es","faq","","cheap-auto-insurance","¿Cuál es el mínimo de aseguranza de carro que exige Nueva Jersey?

Hasta 2025 el mínimo de responsabilidad en NJ es 25/50/25: $25,000 por persona por lesiones corporales, $50,000 por accidente y $25,000 por daños a la propiedad.

Te conectamos gratis con un agente con licencia en NJ y NY.

https://example-placeholder.com/es/seguro-de-auto-barato

#SeguroDeAuto #Aseguranza #AutoBarato #SegurosEnEspañol #NuevaJersey

No somos agencia con licencia. Te conectamos con agentes con licencia en NJ/NY. Info educativa, no asesoría.","527","https://example-placeholder.com/es/seguro-de-auto-barato","true","image","Tarjeta de texto: la pregunta grande arriba, la respuesta corta abajo. Alto contraste, legible en móvil.","","","draft",""
"faq-cheap-auto-insurance-all-es-tiktok","tiktok","es","faq","","cheap-auto-insurance","¿Cuál es el mínimo de aseguranza de carro que exige Nueva Jersey?

Hasta 2025 el mínimo de responsabilidad en NJ es 25/50/25: $25,000 por persona por lesiones corporales, $50,000 por accidente y $25,000 por daños a la propiedad.

Te conectamos gratis con un agente con licencia en NJ y NY.

https://example-placeholder.com/es/seguro-de-auto-barato

#SeguroDeAuto #Aseguranza #AutoBarato #SegurosEnEspañol #NuevaJersey

No somos agencia con licencia. Te conectamos con agentes con licencia en NJ/NY. Info educativa, no asesoría.","527","https://example-placeholder.com/es/seguro-de-auto-barato","true","video","Tarjeta de texto: la pregunta grande arriba, la respuesta corta abajo. Alto contraste, legible en móvil.","","GANCHO (0-3s): ""¿Cuál es el mínimo de aseguranza de carro que exige Nueva Jersey?""
DESARROLLO (3-25s): explica el punto con un ejemplo concreto de la zona.
CIERRE (25-30s): ""Te conectamos gratis con un agente con licencia. Link en bio.""","draft",""
"faq-cheap-auto-insurance-all-en-facebook","facebook","en","faq","","cheap-auto-insurance","What is the minimum auto insurance New Jersey requires?

Through 2025 the NJ liability minimum is 25/50/25: $25,000 per person for bodily injury, $50,000 per accident and $25,000 property damage.

We connect you with a licensed NJ/NY agent, free.

https://example-placeholder.com/en/cheap-auto-insurance

#AutoInsurance #CarInsurance #NJInsurance #Bilingual

Not a licensed agency. We connect you with licensed NJ/NY agents. Educational info, not advice.","454","https://example-placeholder.com/en/cheap-auto-insurance","false","","","","","draft",""
"faq-cheap-auto-insurance-all-en-instagram","instagram","en","faq","","cheap-auto-insurance","What is the minimum auto insurance New Jersey requires?

Through 2025 the NJ liability minimum is 25/50/25: $25,000 per person for bodily injury, $50,000 per accident and $25,000 property damage.

We connect you with a licensed NJ/NY agent, free.

https://example-placeholder.com/en/cheap-auto-insurance

#AutoInsurance #CarInsurance #NJInsurance #Bilingual

Not a licensed agency. We connect you with licensed NJ/NY agents. Educational info, not advice.","454","https://example-placeholder.com/en/cheap-auto-insurance","true","image","Text card: question large on top, short answer below. High contrast, readable on mobile.","","","draft",""
"faq-cheap-auto-insurance-all-en-tiktok","tiktok","en","faq","","cheap-auto-insurance","What is the minimum auto insurance New Jersey requires?

Through 2025 the NJ liability minimum is 25/50/25: $25,000 per person for bodily injury, $50,000 per accident and $25,000 property damage.

We connect you with a licensed NJ/NY agent, free.

https://example-placeholder.com/en/cheap-auto-insurance

#AutoInsurance #CarInsurance #NJInsurance #Bilingual

Not a licensed agency. We connect you with licensed NJ/NY agents. Educational info, not advice.","454","https://example-placeholder.com/en/cheap-auto-insurance","true","video","Text card: question large on top, short answer below. High contrast, readable on mobile.","","HOOK (0-3s): ""What is the minimum auto insurance New Jersey requires?""
BODY (3-25s): explain the point with one concrete local example.
CLOSE (25-30s): ""We connect you with a licensed agent, free. Link in bio.""","draft",""
"faq-cheap-auto-insurance-all-es-facebook","facebook","es","faq","","cheap-auto-insurance","¿Puedo sacar aseguranza de carro con licencia extranjera, ITIN o matrícula consular?

Hay aseguradoras en NJ que emiten pólizas usando licencia extranjera, ITIN o matrícula consular, y otras que no.

Te conectamos gratis con un agente con licencia en NJ y NY.

https://example-placeholder.com/es/seguro-de-auto-barato

#SeguroDeAuto #Aseguranza #AutoBarato #SegurosEnEspañol #NuevaJersey

No somos agencia con licencia. Te conectamos con agentes con licencia en NJ/NY. Info educativa, no asesoría.","497","https://example-placeholder.com/es/seguro-de-auto-barato","false","","","","","draft",""
"faq-cheap-auto-insurance-all-es-instagram","instagram","es","faq","","cheap-auto-insurance","¿Puedo sacar aseguranza de carro con licencia extranjera, ITIN o matrícula consular?

Hay aseguradoras en NJ que emiten pólizas usando licencia extranjera, ITIN o matrícula consular, y otras que no.

Te conectamos gratis con un agente con licencia en NJ y NY.

https://example-placeholder.com/es/seguro-de-auto-barato

#SeguroDeAuto #Aseguranza #AutoBarato #SegurosEnEspañol #NuevaJersey

No somos agencia con licencia. Te conectamos con agentes con licencia en NJ/NY. Info educativa, no asesoría.","497","https://example-placeholder.com/es/seguro-de-auto-barato","true","image","Tarjeta de texto: la pregunta grande arriba, la respuesta corta abajo. Alto contraste, legible en móvil.","","","draft",""
"faq-cheap-auto-insurance-all-es-tiktok","tiktok","es","faq","","cheap-auto-insurance","¿Puedo sacar aseguranza de carro con licencia extranjera, ITIN o matrícula consular?

Hay aseguradoras en NJ que emiten pólizas usando licencia extranjera, ITIN o matrícula consular, y otras que no.

Te conectamos gratis con un agente con licencia en NJ y NY.

https://example-placeholder.com/es/seguro-de-auto-barato

#SeguroDeAuto #Aseguranza #AutoBarato #SegurosEnEspañol #NuevaJersey

No somos agencia con licencia. Te conectamos con agentes con licencia en NJ/NY. Info educativa, no asesoría.","497","https://example-placeholder.com/es/seguro-de-auto-barato","true","video","Tarjeta de texto: la pregunta grande arriba, la respuesta corta abajo. Alto contraste, legible en móvil.","","GANCHO (0-3s): ""¿Puedo sacar aseguranza de carro con licencia extranjera, ITIN o matrícula consular?""
DESARROLLO (3-25s): explica el punto con un ejemplo concreto de la zona.
CIERRE (25-30s): ""Te conectamos gratis con un agente con licencia. Link en bio.""","draft",""
"faq-cheap-auto-insurance-all-en-facebook","facebook","en","faq","","cheap-auto-insurance","Can I get car insurance with a foreign license, ITIN or consular ID?

Some NJ carriers will issue policies using a foreign license, ITIN or consular ID, and others will not.

We connect you with a licensed NJ/NY agent, free.

https://example-placeholder.com/en/cheap-auto-insurance

#AutoInsurance #CarInsurance #NJInsurance #Bilingual

Not a licensed agency. We connect you with licensed NJ/NY agents. Educational info, not advice.","432","https://example-placeholder.com/en/cheap-auto-insurance","false","","","","","draft",""
"faq-cheap-auto-insurance-all-en-instagram","instagram","en","faq","","cheap-auto-insurance","Can I get car insurance with a foreign license, ITIN or consular ID?

Some NJ carriers will issue policies using a foreign license, ITIN or consular ID, and others will not.

We connect you with a licensed NJ/NY agent, free.

https://example-placeholder.com/en/cheap-auto-insurance

#AutoInsurance #CarInsurance #NJInsurance #Bilingual

Not a licensed agency. We connect you with licensed NJ/NY agents. Educational info, not advice.","432","https://example-placeholder.com/en/cheap-auto-insurance","true","image","Text card: question large on top, short answer below. High contrast, readable on mobile.","","","draft",""
"faq-cheap-auto-insurance-all-en-tiktok","tiktok","en","faq","","cheap-auto-insurance","Can I get car insurance with a foreign license, ITIN or consular ID?

Some NJ carriers will issue policies using a foreign license, ITIN or consular ID, and others will not.

We connect you with a licensed NJ/NY agent, free.

https://example-placeholder.com/en/cheap-auto-insurance

#AutoInsurance #CarInsurance #NJInsurance #Bilingual

Not a licensed agency. We connect you with licensed NJ/NY agents. Educational info, not advice.","432","https://example-placeholder.com/en/cheap-auto-insurance","true","video","Text card: question large on top, short answer below. High contrast, readable on mobile.","","HOOK (0-3s): ""Can I get car insurance with a foreign license, ITIN or consular ID?""
BODY (3-25s): explain the point with one concrete local example.
CLOSE (25-30s): ""We connect you with a licensed agent, free. Link in bio.""","draft",""
"faq-cheap-auto-insurance-all-es-facebook","facebook","es","faq","","cheap-auto-insurance","¿Por qué mi aseguranza sube si nunca he tenido un accidente?

En NJ el precio no depende solo de tu récord.

Te conectamos gratis con un agente con licencia en NJ y NY.

https://example-placeholder.com/es/seguro-de-auto-barato

#SeguroDeAuto #Aseguranza #AutoBarato #SegurosEnEspañol #NuevaJersey

No somos agencia con licencia. Te conectamos con agentes con licencia en NJ/NY. Info educativa, no asesoría.","406","https://example-placeholder.com/es/seguro-de-auto-barato","false","","","","","draft",""
"faq-cheap-auto-insurance-all-es-instagram","instagram","es","faq","","cheap-auto-insurance","¿Por qué mi aseguranza sube si nunca he tenido un accidente?

En NJ el precio no depende solo de tu récord.

Te conectamos gratis con un agente con licencia en NJ y NY.

https://example-placeholder.com/es/seguro-de-auto-barato

#SeguroDeAuto #Aseguranza #AutoBarato #SegurosEnEspañol #NuevaJersey

No somos agencia con licencia. Te conectamos con agentes con licencia en NJ/NY. Info educativa, no asesoría.","406","https://example-placeholder.com/es/seguro-de-auto-barato","true","image","Tarjeta de texto: la pregunta grande arriba, la respuesta corta abajo. Alto contraste, legible en móvil.","","","draft",""
"faq-cheap-auto-insurance-all-es-tiktok","tiktok","es","faq","","cheap-auto-insurance","¿Por qué mi aseguranza sube si nunca he tenido un accidente?

En NJ el precio no depende solo de tu récord.

Te conectamos gratis con un agente con licencia en NJ y NY.

https://example-placeholder.com/es/seguro-de-auto-barato

#SeguroDeAuto #Aseguranza #AutoBarato #SegurosEnEspañol #NuevaJersey

No somos agencia con licencia. Te conectamos con agentes con licencia en NJ/NY. Info educativa, no asesoría.","406","https://example-placeholder.com/es/seguro-de-auto-barato","true","video","Tarjeta de texto: la pregunta grande arriba, la respuesta corta abajo. Alto contraste, legible en móvil.","","GANCHO (0-3s): ""¿Por qué mi aseguranza sube si nunca he tenido un accidente?""
DESARROLLO (3-25s): explica el punto con un ejemplo concreto de la zona.
CIERRE (25-30s): ""Te conectamos gratis con un agente con licencia. Link en bio.""","draft",""
"faq-cheap-auto-insurance-all-en-facebook","facebook","en","faq","","cheap-auto-insurance","Why did my insurance go up when I've never had an accident?

In NJ price doesn't depend on your record alone.

We connect you with a licensed NJ/NY agent, free.

https://example-placeholder.com/en/cheap-auto-insurance

#AutoInsurance #CarInsurance #NJInsurance #Bilingual

Not a licensed agency. We connect you with licensed NJ/NY agents. Educational info, not advice.","368","https://example-placeholder.com/en/cheap-auto-insurance","false","","","","","draft",""
"faq-cheap-auto-insurance-all-en-instagram","instagram","en","faq","","cheap-auto-insurance","Why did my insurance go up when I've never had an accident?

In NJ price doesn't depend on your record alone.

We connect you with a licensed NJ/NY agent, free.

https://example-placeholder.com/en/cheap-auto-insurance

#AutoInsurance #CarInsurance #NJInsurance #Bilingual

Not a licensed agency. We connect you with licensed NJ/NY agents. Educational info, not advice.","368","https://example-placeholder.com/en/cheap-auto-insurance","true","image","Text card: question large on top, short answer below. High contrast, readable on mobile.","","","draft",""
"faq-cheap-auto-insurance-all-en-tiktok","tiktok","en","faq","","cheap-auto-insurance","Why did my insurance go up when I've never had an accident?

In NJ price doesn't depend on your record alone.

We connect you with a licensed NJ/NY agent, free.

https://example-placeholder.com/en/cheap-auto-insurance

#AutoInsurance #CarInsurance #NJInsurance #Bilingual

Not a licensed agency. We connect you with licensed NJ/NY agents. Educational info, not advice.","368","https://example-placeholder.com/en/cheap-auto-insurance","true","video","Text card: question large on top, short answer below. High contrast, readable on mobile.","","HOOK (0-3s): ""Why did my insurance go up when I've never had an accident?""
BODY (3-25s): explain the point with one concrete local example.
CLOSE (25-30s): ""We connect you with a licensed agent, free. Link in bio.""","draft",""
"faq-cheap-auto-insurance-all-es-facebook","facebook","es","faq","","cheap-auto-insurance","¿Qué pasa si manejo en NJ sin seguro?

Manejar sin seguro en Nueva Jersey trae multas, suspensión de licencia y de registración, y posible responsabilidad personal por todos los daños de un accidente.

Te conectamos gratis con un agente con licencia en NJ y NY.

https://example-placeholder.com/es/seguro-de-auto-barato

#SeguroDeAuto #Aseguranza #AutoBarato #SegurosEnEspañol #NuevaJersey

No somos agencia con licencia. Te conectamos con agentes con licencia en NJ/NY. Info educativa, no asesoría.","499","https://example-placeholder.com/es/seguro-de-auto-barato","false","","","","","draft",""
"faq-cheap-auto-insurance-all-es-instagram","instagram","es","faq","","cheap-auto-insurance","¿Qué pasa si manejo en NJ sin seguro?

Manejar sin seguro en Nueva Jersey trae multas, suspensión de licencia y de registración, y posible responsabilidad personal por todos los daños de un accidente.

Te conectamos gratis con un agente con licencia en NJ y NY.

https://example-placeholder.com/es/seguro-de-auto-barato

#SeguroDeAuto #Aseguranza #AutoBarato #SegurosEnEspañol #NuevaJersey

No somos agencia con licencia. Te conectamos con agentes con licencia en NJ/NY. Info educativa, no asesoría.","499","https://example-placeholder.com/es/seguro-de-auto-barato","true","image","Tarjeta de texto: la pregunta grande arriba, la respuesta corta abajo. Alto contraste, legible en móvil.","","","draft",""
"faq-cheap-auto-insurance-all-es-tiktok","tiktok","es","faq","","cheap-auto-insurance","¿Qué pasa si manejo en NJ sin seguro?

Manejar sin seguro en Nueva Jersey trae multas, suspensión de licencia y de registración, y posible responsabilidad personal por todos los daños de un accidente.

Te conectamos gratis con un agente con licencia en NJ y NY.

https://example-placeholder.com/es/seguro-de-auto-barato

#SeguroDeAuto #Aseguranza #AutoBarato #SegurosEnEspañol #NuevaJersey

No somos agencia con licencia. Te conectamos con agentes con licencia en NJ/NY. Info educativa, no asesoría.","499","https://example-placeholder.com/es/seguro-de-auto-barato","true","video","Tarjeta de texto: la pregunta grande arriba, la respuesta corta abajo. Alto contraste, legible en móvil.","","GANCHO (0-3s): ""¿Qué pasa si manejo en NJ sin seguro?""
DESARROLLO (3-25s): explica el punto con un ejemplo concreto de la zona.
CIERRE (25-30s): ""Te conectamos gratis con un agente con licencia. Link en bio.""","draft",""
"faq-cheap-auto-insurance-all-en-facebook","facebook","en","faq","","cheap-auto-insurance","What happens if I drive in NJ without insurance?

Driving uninsured in New Jersey brings fines, license and registration suspension, and potential personal liability for all damages in a crash.

We connect you with a licensed NJ/NY agent, free.

https://example-placeholder.com/en/cheap-auto-insurance

#AutoInsurance #CarInsurance #NJInsurance #Bilingual

Not a licensed agency. We connect you with licensed NJ/NY agents. Educational info, not advice.","452","https://example-placeholder.com/en/cheap-auto-insurance","false","","","","","draft",""
"faq-cheap-auto-insurance-all-en-instagram","instagram","en","faq","","cheap-auto-insurance","What happens if I drive in NJ without insurance?

Driving uninsured in New Jersey brings fines, license and registration suspension, and potential personal liability for all damages in a crash.

We connect you with a licensed NJ/NY agent, free.

https://example-placeholder.com/en/cheap-auto-insurance

#AutoInsurance #CarInsurance #NJInsurance #Bilingual

Not a licensed agency. We connect you with licensed NJ/NY agents. Educational info, not advice.","452","https://example-placeholder.com/en/cheap-auto-insurance","true","image","Text card: question large on top, short answer below. High contrast, readable on mobile.","","","draft",""
"faq-cheap-auto-insurance-all-en-tiktok","tiktok","en","faq","","cheap-auto-insurance","What happens if I drive in NJ without insurance?

Driving uninsured in New Jersey brings fines, license and registration suspension, and potential personal liability for all damages in a crash.

We connect you with a licensed NJ/NY agent, free.

https://example-placeholder.com/en/cheap-auto-insurance

#AutoInsurance #CarInsurance #NJInsurance #Bilingual

Not a licensed agency. We connect you with licensed NJ/NY agents. Educational info, not advice.","452","https://example-placeholder.com/en/cheap-auto-insurance","true","video","Text card: question large on top, short answer below. High contrast, readable on mobile.","","HOOK (0-3s): ""What happens if I drive in NJ without insurance?""
BODY (3-25s): explain the point with one concrete local example.
CLOSE (25-30s): ""We connect you with a licensed agent, free. Link in bio.""","draft",""
"faq-cheap-auto-insurance-all-es-facebook","facebook","es","faq","","cheap-auto-insurance","¿La póliza personal de mi carro me cubre si uso la camioneta para el trabajo?

Depende del uso.

Te conectamos gratis con un agente con licencia en NJ y NY.

https://example-placeholder.com/es/seguro-de-auto-barato

#SeguroDeAuto #Aseguranza #AutoBarato #SegurosEnEspañol #NuevaJersey

No somos agencia con licencia. Te conectamos con agentes con licencia en NJ/NY. Info educativa, no asesoría.","394","https://example-placeholder.com/es/seguro-de-auto-barato","false","","","","","draft",""
"faq-cheap-auto-insurance-all-es-instagram","instagram","es","faq","","cheap-auto-insurance","¿La póliza personal de mi carro me cubre si uso la camioneta para el trabajo?

Depende del uso.

Te conectamos gratis con un agente con licencia en NJ y NY.

https://example-placeholder.com/es/seguro-de-auto-barato

#SeguroDeAuto #Aseguranza #AutoBarato #SegurosEnEspañol #NuevaJersey

No somos agencia con licencia. Te conectamos con agentes con licencia en NJ/NY. Info educativa, no asesoría.","394","https://example-placeholder.com/es/seguro-de-auto-barato","true","image","Tarjeta de texto: la pregunta grande arriba, la respuesta corta abajo. Alto contraste, legible en móvil.","","","draft",""
"faq-cheap-auto-insurance-all-es-tiktok","tiktok","es","faq","","cheap-auto-insurance","¿La póliza personal de mi carro me cubre si uso la camioneta para el trabajo?

Depende del uso.

Te conectamos gratis con un agente con licencia en NJ y NY.

https://example-placeholder.com/es/seguro-de-auto-barato

#SeguroDeAuto #Aseguranza #AutoBarato #SegurosEnEspañol #NuevaJersey

No somos agencia con licencia. Te conectamos con agentes con licencia en NJ/NY. Info educativa, no asesoría.","394","https://example-placeholder.com/es/seguro-de-auto-barato","true","video","Tarjeta de texto: la pregunta grande arriba, la respuesta corta abajo. Alto contraste, legible en móvil.","","GANCHO (0-3s): ""¿La póliza personal de mi carro me cubre si uso la camioneta para el trabajo?""
DESARROLLO (3-25s): explica el punto con un ejemplo concreto de la zona.
CIERRE (25-30s): ""Te conectamos gratis con un agente con licencia. Link en bio.""","draft",""
"faq-cheap-auto-insurance-all-en-facebook","facebook","en","faq","","cheap-auto-insurance","Does my personal auto policy cover me if I use the truck for work?

It depends on use.

We connect you with a licensed NJ/NY agent, free.

https://example-placeholder.com/en/cheap-auto-insurance

#AutoInsurance #CarInsurance #NJInsurance #Bilingual

Not a licensed agency. We connect you with licensed NJ/NY agents. Educational info, not advice.","345","https://example-placeholder.com/en/cheap-auto-insurance","false","","","","","draft",""
"faq-cheap-auto-insurance-all-en-instagram","instagram","en","faq","","cheap-auto-insurance","Does my personal auto policy cover me if I use the truck for work?

It depends on use.

We connect you with a licensed NJ/NY agent, free.

https://example-placeholder.com/en/cheap-auto-insurance

#AutoInsurance #CarInsurance #NJInsurance #Bilingual

Not a licensed agency. We connect you with licensed NJ/NY agents. Educational info, not advice.","345","https://example-placeholder.com/en/cheap-auto-insurance","true","image","Text card: question large on top, short answer below. High contrast, readable on mobile.","","","draft",""
"faq-cheap-auto-insurance-all-en-tiktok","tiktok","en","faq","","cheap-auto-insurance","Does my personal auto policy cover me if I use the truck for work?

It depends on use.

We connect you with a licensed NJ/NY agent, free.

https://example-placeholder.com/en/cheap-auto-insurance

#AutoInsurance #CarInsurance #NJInsurance #Bilingual

Not a licensed agency. We connect you with licensed NJ/NY agents. Educational info, not advice.","345","https://example-placeholder.com/en/cheap-auto-insurance","true","video","Text card: question large on top, short answer below. High contrast, readable on mobile.","","HOOK (0-3s): ""Does my personal auto policy cover me if I use the truck for work?""
BODY (3-25s): explain the point with one concrete local example.
CLOSE (25-30s): ""We connect you with a licensed agent, free. Link in bio.""","draft",""
"faq-renters-insurance-all-es-facebook","facebook","es","faq","","renters-insurance","¿La aseguranza del dueño del edificio cubre mis cosas?

No.

Te conectamos gratis con un agente con licencia en NJ y NY.

https://example-placeholder.com/es/seguro-de-inquilinos

#SeguroDeInquilinos #Renta #SegurosEnEspañol #NuevaJersey

No somos agencia con licencia. Te conectamos con agentes con licencia en NJ/NY. Info educativa, no asesoría.","346","https://example-placeholder.com/es/seguro-de-inquilinos","false","","","","","draft",""
"faq-renters-insurance-all-es-instagram","instagram","es","faq","","renters-insurance","¿La aseguranza del dueño del edificio cubre mis cosas?

No.

Te conectamos gratis con un agente con licencia en NJ y NY.

https://example-placeholder.com/es/seguro-de-inquilinos

#SeguroDeInquilinos #Renta #SegurosEnEspañol #NuevaJersey

No somos agencia con licencia. Te conectamos con agentes con licencia en NJ/NY. Info educativa, no asesoría.","346","https://example-placeholder.com/es/seguro-de-inquilinos","true","image","Tarjeta de texto: la pregunta grande arriba, la respuesta corta abajo. Alto contraste, legible en móvil.","","","draft",""
"faq-renters-insurance-all-es-tiktok","tiktok","es","faq","","renters-insurance","¿La aseguranza del dueño del edificio cubre mis cosas?

No.

Te conectamos gratis con un agente con licencia en NJ y NY.

https://example-placeholder.com/es/seguro-de-inquilinos

#SeguroDeInquilinos #Renta #SegurosEnEspañol #NuevaJersey

No somos agencia con licencia. Te conectamos con agentes con licencia en NJ/NY. Info educativa, no asesoría.","346","https://example-placeholder.com/es/seguro-de-inquilinos","true","video","Tarjeta de texto: la pregunta grande arriba, la respuesta corta abajo. Alto contraste, legible en móvil.","","GANCHO (0-3s): ""¿La aseguranza del dueño del edificio cubre mis cosas?""
DESARROLLO (3-25s): explica el punto con un ejemplo concreto de la zona.
CIERRE (25-30s): ""Te conectamos gratis con un agente con licencia. Link en bio.""","draft",""
"faq-renters-insurance-all-en-facebook","facebook","en","faq","","renters-insurance","Does the landlord's insurance cover my belongings?

No.

We connect you with a licensed NJ/NY agent, free.

https://example-placeholder.com/en/renters-insurance

#RentersInsurance #Tenants #NJInsurance #Bilingual

Not a licensed agency. We connect you with licensed NJ/NY agents. Educational info, not advice.","309","https://example-placeholder.com/en/renters-insurance","false","","","","","draft",""
"faq-renters-insurance-all-en-instagram","instagram","en","faq","","renters-insurance","Does the landlord's insurance cover my belongings?

No.

We connect you with a licensed NJ/NY agent, free.

https://example-placeholder.com/en/renters-insurance

#RentersInsurance #Tenants #NJInsurance #Bilingual

Not a licensed agency. We connect you with licensed NJ/NY agents. Educational info, not advice.","309","https://example-placeholder.com/en/renters-insurance","true","image","Text card: question large on top, short answer below. High contrast, readable on mobile.","","","draft",""
"faq-renters-insurance-all-en-tiktok","tiktok","en","faq","","renters-insurance","Does the landlord's insurance cover my belongings?

No.

We connect you with a licensed NJ/NY agent, free.

https://example-placeholder.com/en/renters-insurance

#RentersInsurance #Tenants #NJInsurance #Bilingual

Not a licensed agency. We connect you with licensed NJ/NY agents. Educational info, not advice.","309","https://example-placeholder.com/en/renters-insurance","true","video","Text card: question large on top, short answer below. High contrast, readable on mobile.","","HOOK (0-3s): ""Does the landlord's insurance cover my belongings?""
BODY (3-25s): explain the point with one concrete local example.
CLOSE (25-30s): ""We connect you with a licensed agent, free. Link in bio.""","draft",""
"faq-renters-insurance-all-es-facebook","facebook","es","faq","","renters-insurance","¿El seguro de inquilino cubre inundación?

No.

Te conectamos gratis con un agente con licencia en NJ y NY.

https://example-placeholder.com/es/seguro-de-inquilinos

#SeguroDeInquilinos #Renta #SegurosEnEspañol #NuevaJersey

No somos agencia con licencia. Te conectamos con agentes con licencia en NJ/NY. Info educativa, no asesoría.","333","https://example-placeholder.com/es/seguro-de-inquilinos","false","","","","","draft",""
"faq-renters-insurance-all-es-instagram","instagram","es","faq","","renters-insurance","¿El seguro de inquilino cubre inundación?

No.

Te conectamos gratis con un agente con licencia en NJ y NY.

https://example-placeholder.com/es/seguro-de-inquilinos

#SeguroDeInquilinos #Renta #SegurosEnEspañol #NuevaJersey

No somos agencia con licencia. Te conectamos con agentes con licencia en NJ/NY. Info educativa, no asesoría.","333","https://example-placeholder.com/es/seguro-de-inquilinos","true","image","Tarjeta de texto: la pregunta grande arriba, la respuesta corta abajo. Alto contraste, legible en móvil.","","","draft",""
"faq-renters-insurance-all-es-tiktok","tiktok","es","faq","","renters-insurance","¿El seguro de inquilino cubre inundación?

No.

Te conectamos gratis con un agente con licencia en NJ y NY.

https://example-placeholder.com/es/seguro-de-inquilinos

#SeguroDeInquilinos #Renta #SegurosEnEspañol #NuevaJersey

No somos agencia con licencia. Te conectamos con agentes con licencia en NJ/NY. Info educativa, no asesoría.","333","https://example-placeholder.com/es/seguro-de-inquilinos","true","video","Tarjeta de texto: la pregunta grande arriba, la respuesta corta abajo. Alto contraste, legible en móvil.","","GANCHO (0-3s): ""¿El seguro de inquilino cubre inundación?""
DESARROLLO (3-25s): explica el punto con un ejemplo concreto de la zona.
CIERRE (25-30s): ""Te conectamos gratis con un agente con licencia. Link en bio.""","draft",""
"faq-renters-insurance-all-en-facebook","facebook","en","faq","","renters-insurance","Does renters insurance cover flooding?

No.

We connect you with a licensed NJ/NY agent, free.

https://example-placeholder.com/en/renters-insurance

#RentersInsurance #Tenants #NJInsurance #Bilingual

Not a licensed agency. We connect you with licensed NJ/NY agents. Educational info, not advice.","297","https://example-placeholder.com/en/renters-insurance","false","","","","","draft",""
"faq-renters-insurance-all-en-instagram","instagram","en","faq","","renters-insurance","Does renters insurance cover flooding?

No.

We connect you with a licensed NJ/NY agent, free.

https://example-placeholder.com/en/renters-insurance

#RentersInsurance #Tenants #NJInsurance #Bilingual

Not a licensed agency. We connect you with licensed NJ/NY agents. Educational info, not advice.","297","https://example-placeholder.com/en/renters-insurance","true","image","Text card: question large on top, short answer below. High contrast, readable on mobile.","","","draft",""
"faq-renters-insurance-all-en-tiktok","tiktok","en","faq","","renters-insurance","Does renters insurance cover flooding?

No.

We connect you with a licensed NJ/NY agent, free.

https://example-placeholder.com/en/renters-insurance

#RentersInsurance #Tenants #NJInsurance #Bilingual

Not a licensed agency. We connect you with licensed NJ/NY agents. Educational info, not advice.","297","https://example-placeholder.com/en/renters-insurance","true","video","Text card: question large on top, short answer below. High contrast, readable on mobile.","","HOOK (0-3s): ""Does renters insurance cover flooding?""
BODY (3-25s): explain the point with one concrete local example.
CLOSE (25-30s): ""We connect you with a licensed agent, free. Link in bio.""","draft",""
"faq-renters-insurance-all-es-facebook","facebook","es","faq","","renters-insurance","Mi landlord me pide seguro de inquilino para firmar el lease. ¿Es legal?

Sí.

Te conectamos gratis con un agente con licencia en NJ y NY.

https://example-placeholder.com/es/seguro-de-inquilinos

#SeguroDeInquilinos #Renta #SegurosEnEspañol #NuevaJersey

No somos agencia con licencia. Te conectamos con agentes con licencia en NJ/NY. Info educativa, no asesoría.","364","https://example-placeholder.com/es/seguro-de-inquilinos","false","","","","","draft",""
"faq-renters-insurance-all-es-instagram","instagram","es","faq","","renters-insurance","Mi landlord me pide seguro de inquilino para firmar el lease. ¿Es legal?

Sí.

Te conectamos gratis con un agente con licencia en NJ y NY.

https://example-placeholder.com/es/seguro-de-inquilinos

#SeguroDeInquilinos #Renta #SegurosEnEspañol #NuevaJersey

No somos agencia con licencia. Te conectamos con agentes con licencia en NJ/NY. Info educativa, no asesoría.","364","https://example-placeholder.com/es/seguro-de-inquilinos","true","image","Tarjeta de texto: la pregunta grande arriba, la respuesta corta abajo. Alto contraste, legible en móvil.","","","draft",""
"faq-renters-insurance-all-es-tiktok","tiktok","es","faq","","renters-insurance","Mi landlord me pide seguro de inquilino para firmar el lease. ¿Es legal?

Sí.

Te conectamos gratis con un agente con licencia en NJ y NY.

https://example-placeholder.com/es/seguro-de-inquilinos

#SeguroDeInquilinos #Renta #SegurosEnEspañol #NuevaJersey

No somos agencia con licencia. Te conectamos con agentes con licencia en NJ/NY. Info educativa, no asesoría.","364","https://example-placeholder.com/es/seguro-de-inquilinos","true","video","Tarjeta de texto: la pregunta grande arriba, la respuesta corta abajo. Alto contraste, legible en móvil.","","GANCHO (0-3s): ""Mi landlord me pide seguro de inquilino para firmar el lease. ¿Es legal?""
DESARROLLO (3-25s): explica el punto con un ejemplo concreto de la zona.
CIERRE (25-30s): ""Te conectamos gratis con un agente con licencia. Link en bio.""","draft",""
"faq-renters-insurance-all-en-facebook","facebook","en","faq","","renters-insurance","My landlord requires renters insurance to sign the lease. Is that legal?

Yes.

We connect you with a licensed NJ/NY agent, free.

https://example-placeholder.com/en/renters-insurance

#RentersInsurance #Tenants #NJInsurance #Bilingual

Not a licensed agency. We connect you with licensed NJ/NY agents. Educational info, not advice.","332","https://example-placeholder.com/en/renters-insurance","false","","","","","draft",""
"faq-renters-insurance-all-en-instagram","instagram","en","faq","","renters-insurance","My landlord requires renters insurance to sign the lease. Is that legal?

Yes.

We connect you with a licensed NJ/NY agent, free.

https://example-placeholder.com/en/renters-insurance

#RentersInsurance #Tenants #NJInsurance #Bilingual

Not a licensed agency. We connect you with licensed NJ/NY agents. Educational info, not advice.","332","https://example-placeholder.com/en/renters-insurance","true","image","Text card: question large on top, short answer below. High contrast, readable on mobile.","","","draft",""
"faq-renters-insurance-all-en-tiktok","tiktok","en","faq","","renters-insurance","My landlord requires renters insurance to sign the lease. Is that legal?

Yes.

We connect you with a licensed NJ/NY agent, free.

https://example-placeholder.com/en/renters-insurance

#RentersInsurance #Tenants #NJInsurance #Bilingual

Not a licensed agency. We connect you with licensed NJ/NY agents. Educational info, not advice.","332","https://example-placeholder.com/en/renters-insurance","true","video","Text card: question large on top, short answer below. High contrast, readable on mobile.","","HOOK (0-3s): ""My landlord requires renters insurance to sign the lease. Is that legal?""
BODY (3-25s): explain the point with one concrete local example.
CLOSE (25-30s): ""We connect you with a licensed agent, free. Link in bio.""","draft",""
"faq-renters-insurance-all-es-facebook","facebook","es","faq","","renters-insurance","¿Puedo tener seguro de inquilino si rento un cuarto o vivo con familia?

Sí.

Te conectamos gratis con un agente con licencia en NJ y NY.

https://example-placeholder.com/es/seguro-de-inquilinos

#SeguroDeInquilinos #Renta #SegurosEnEspañol #NuevaJersey

No somos agencia con licencia. Te conectamos con agentes con licencia en NJ/NY. Info educativa, no asesoría.","363","https://example-placeholder.com/es/seguro-de-inquilinos","false","","","","","draft",""
"faq-renters-insurance-all-es-instagram","instagram","es","faq","","renters-insurance","¿Puedo tener seguro de inquilino si rento un cuarto o vivo con familia?

Sí.

Te conectamos gratis con un agente con licencia en NJ y NY.

https://example-placeholder.com/es/seguro-de-inquilinos

#SeguroDeInquilinos #Renta #SegurosEnEspañol #NuevaJersey

No somos agencia con licencia. Te conectamos con agentes con licencia en NJ/NY. Info educativa, no asesoría.","363","https://example-placeholder.com/es/seguro-de-inquilinos","true","image","Tarjeta de texto: la pregunta grande arriba, la respuesta corta abajo. Alto contraste, legible en móvil.","","","draft",""
"faq-renters-insurance-all-es-tiktok","tiktok","es","faq","","renters-insurance","¿Puedo tener seguro de inquilino si rento un cuarto o vivo con familia?

Sí.

Te conectamos gratis con un agente con licencia en NJ y NY.

https://example-placeholder.com/es/seguro-de-inquilinos

#SeguroDeInquilinos #Renta #SegurosEnEspañol #NuevaJersey

No somos agencia con licencia. Te conectamos con agentes con licencia en NJ/NY. Info educativa, no asesoría.","363","https://example-placeholder.com/es/seguro-de-inquilinos","true","video","Tarjeta de texto: la pregunta grande arriba, la respuesta corta abajo. Alto contraste, legible en móvil.","","GANCHO (0-3s): ""¿Puedo tener seguro de inquilino si rento un cuarto o vivo con familia?""
DESARROLLO (3-25s): explica el punto con un ejemplo concreto de la zona.
CIERRE (25-30s): ""Te conectamos gratis con un agente con licencia. Link en bio.""","draft",""
"faq-renters-insurance-all-en-facebook","facebook","en","faq","","renters-insurance","Can I get renters insurance if I rent a room or live with family?

Yes.

We connect you with a licensed NJ/NY agent, free.

https://example-placeholder.com/en/renters-insurance

#RentersInsurance #Tenants #NJInsurance #Bilingual

Not a licensed agency. We connect you with licensed NJ/NY agents. Educational info, not advice.","325","https://example-placeholder.com/en/renters-insurance","false","","","","","draft",""
"faq-renters-insurance-all-en-instagram","instagram","en","faq","","renters-insurance","Can I get renters insurance if I rent a room or live with family?

Yes.

We connect you with a licensed NJ/NY agent, free.

https://example-placeholder.com/en/renters-insurance

#RentersInsurance #Tenants #NJInsurance #Bilingual

Not a licensed agency. We connect you with licensed NJ/NY agents. Educational info, not advice.","325","https://example-placeholder.com/en/renters-insurance","true","image","Text card: question large on top, short answer below. High contrast, readable on mobile.","","","draft",""
"faq-renters-insurance-all-en-tiktok","tiktok","en","faq","","renters-insurance","Can I get renters insurance if I rent a room or live with family?

Yes.

We connect you with a licensed NJ/NY agent, free.

https://example-placeholder.com/en/renters-insurance

#RentersInsurance #Tenants #NJInsurance #Bilingual

Not a licensed agency. We connect you with licensed NJ/NY agents. Educational info, not advice.","325","https://example-placeholder.com/en/renters-insurance","true","video","Text card: question large on top, short answer below. High contrast, readable on mobile.","","HOOK (0-3s): ""Can I get renters insurance if I rent a room or live with family?""
BODY (3-25s): explain the point with one concrete local example.
CLOSE (25-30s): ""We connect you with a licensed agent, free. Link in bio.""","draft",""
"faq-renters-insurance-all-es-facebook","facebook","es","faq","","renters-insurance","¿Qué necesito para sacar una aseguranza de inquilinos?

Normalmente basta con la dirección, la fecha en que empieza el lease, un estimado del valor de tus pertenencias y una forma de pago.

Te conectamos gratis con un agente con licencia en NJ y NY.

https://example-placeholder.com/es/seguro-de-inquilinos

#SeguroDeInquilinos #Renta #SegurosEnEspañol #NuevaJersey

No somos agencia con licencia. Te conectamos con agentes con licencia en NJ/NY. Info educativa, no asesoría.","475","https://example-placeholder.com/es/seguro-de-inquilinos","false","","","","","draft",""
"faq-renters-insurance-all-es-instagram","instagram","es","faq","","renters-insurance","¿Qué necesito para sacar una aseguranza de inquilinos?

Normalmente basta con la dirección, la fecha en que empieza el lease, un estimado del valor de tus pertenencias y una forma de pago.

Te conectamos gratis con un agente con licencia en NJ y NY.

https://example-placeholder.com/es/seguro-de-inquilinos

#SeguroDeInquilinos #Renta #SegurosEnEspañol #NuevaJersey

No somos agencia con licencia. Te conectamos con agentes con licencia en NJ/NY. Info educativa, no asesoría.","475","https://example-placeholder.com/es/seguro-de-inquilinos","true","image","Tarjeta de texto: la pregunta grande arriba, la respuesta corta abajo. Alto contraste, legible en móvil.","","","draft",""
"faq-renters-insurance-all-es-tiktok","tiktok","es","faq","","renters-insurance","¿Qué necesito para sacar una aseguranza de inquilinos?

Normalmente basta con la dirección, la fecha en que empieza el lease, un estimado del valor de tus pertenencias y una forma de pago.

Te conectamos gratis con un agente con licencia en NJ y NY.

https://example-placeholder.com/es/seguro-de-inquilinos

#SeguroDeInquilinos #Renta #SegurosEnEspañol #NuevaJersey

No somos agencia con licencia. Te conectamos con agentes con licencia en NJ/NY. Info educativa, no asesoría.","475","https://example-placeholder.com/es/seguro-de-inquilinos","true","video","Tarjeta de texto: la pregunta grande arriba, la respuesta corta abajo. Alto contraste, legible en móvil.","","GANCHO (0-3s): ""¿Qué necesito para sacar una aseguranza de inquilinos?""
DESARROLLO (3-25s): explica el punto con un ejemplo concreto de la zona.
CIERRE (25-30s): ""Te conectamos gratis con un agente con licencia. Link en bio.""","draft",""
"faq-renters-insurance-all-en-facebook","facebook","en","faq","","renters-insurance","What do I need to get renters insurance?

Usually just the address, the lease start date, an estimate of what your belongings are worth and a payment method.

We connect you with a licensed NJ/NY agent, free.

https://example-placeholder.com/en/renters-insurance

#RentersInsurance #Tenants #NJInsurance #Bilingual

Not a licensed agency. We connect you with licensed NJ/NY agents. Educational info, not advice.","411","https://example-placeholder.com/en/renters-insurance","false","","","","","draft",""
"faq-renters-insurance-all-en-instagram","instagram","en","faq","","renters-insurance","What do I need to get renters insurance?

Usually just the address, the lease start date, an estimate of what your belongings are worth and a payment method.

We connect you with a licensed NJ/NY agent, free.

https://example-placeholder.com/en/renters-insurance

#RentersInsurance #Tenants #NJInsurance #Bilingual

Not a licensed agency. We connect you with licensed NJ/NY agents. Educational info, not advice.","411","https://example-placeholder.com/en/renters-insurance","true","image","Text card: question large on top, short answer below. High contrast, readable on mobile.","","","draft",""
"faq-renters-insurance-all-en-tiktok","tiktok","en","faq","","renters-insurance","What do I need to get renters insurance?

Usually just the address, the lease start date, an estimate of what your belongings are worth and a payment method.

We connect you with a licensed NJ/NY agent, free.

https://example-placeholder.com/en/renters-insurance

#RentersInsurance #Tenants #NJInsurance #Bilingual

Not a licensed agency. We connect you with licensed NJ/NY agents. Educational info, not advice.","411","https://example-placeholder.com/en/renters-insurance","true","video","Text card: question large on top, short answer below. High contrast, readable on mobile.","","HOOK (0-3s): ""What do I need to get renters insurance?""
BODY (3-25s): explain the point with one concrete local example.
CLOSE (25-30s): ""We connect you with a licensed agent, free. Link in bio.""","draft",""
"faq-workers-comp-all-es-facebook","facebook","es","faq","","workers-comp","¿Desde cuántos empleados es obligatoria la compensación laboral en NJ?

Desde el primero.

Te conectamos gratis con un agente con licencia en NJ y NY.

https://example-placeholder.com/es/compensacion-laboral

#CompensacionLaboral #WorkersComp #Negocios #SegurosEnEspañol #NuevaJersey

No somos agencia con licencia. Te conectamos con agentes con licencia en NJ/NY. Info educativa, no asesoría.","393","https://example-placeholder.com/es/compensacion-laboral","false","","","","","draft",""
"faq-workers-comp-all-es-instagram","instagram","es","faq","","workers-comp","¿Desde cuántos empleados es obligatoria la compensación laboral en NJ?

Desde el primero.

Te conectamos gratis con un agente con licencia en NJ y NY.

https://example-placeholder.com/es/compensacion-laboral

#CompensacionLaboral #WorkersComp #Negocios #SegurosEnEspañol #NuevaJersey

No somos agencia con licencia. Te conectamos con agentes con licencia en NJ/NY. Info educativa, no asesoría.","393","https://example-placeholder.com/es/compensacion-laboral","true","image","Tarjeta de texto: la pregunta grande arriba, la respuesta corta abajo. Alto contraste, legible en móvil.","","","draft",""
"faq-workers-comp-all-es-tiktok","tiktok","es","faq","","workers-comp","¿Desde cuántos empleados es obligatoria la compensación laboral en NJ?

Desde el primero.

Te conectamos gratis con un agente con licencia en NJ y NY.

https://example-placeholder.com/es/compensacion-laboral

#CompensacionLaboral #WorkersComp #Negocios #SegurosEnEspañol #NuevaJersey

No somos agencia con licencia. Te conectamos con agentes con licencia en NJ/NY. Info educativa, no asesoría.","393","https://example-placeholder.com/es/compensacion-laboral","true","video","Tarjeta de texto: la pregunta grande arriba, la respuesta corta abajo. Alto contraste, legible en móvil.","","GANCHO (0-3s): ""¿Desde cuántos empleados es obligatoria la compensación laboral en NJ?""
DESARROLLO (3-25s): explica el punto con un ejemplo concreto de la zona.
CIERRE (25-30s): ""Te conectamos gratis con un agente con licencia. Link en bio.""","draft",""
"faq-workers-comp-all-en-facebook","facebook","en","faq","","workers-comp","How many employees before workers' comp is required in NJ?

From the first one.

We connect you with a licensed NJ/NY agent, free.

https://example-placeholder.com/en/workers-comp

#WorkersComp #SmallBusiness #NJInsurance #Bilingual

Not a licensed agency. We connect you with licensed NJ/NY agents. Educational info, not advice.","329","https://example-placeholder.com/en/workers-comp","false","","","","","draft",""
"faq-workers-comp-all-en-instagram","instagram","en","faq","","workers-comp","How many employees before workers' comp is required in NJ?

From the first one.

We connect you with a licensed NJ/NY agent, free.

https://example-placeholder.com/en/workers-comp

#WorkersComp #SmallBusiness #NJInsurance #Bilingual

Not a licensed agency. We connect you with licensed NJ/NY agents. Educational info, not advice.","329","https://example-placeholder.com/en/workers-comp","true","image","Text card: question large on top, short answer below. High contrast, readable on mobile.","","","draft",""
"faq-workers-comp-all-en-tiktok","tiktok","en","faq","","workers-comp","How many employees before workers' comp is required in NJ?

From the first one.

We connect you with a licensed NJ/NY agent, free.

https://example-placeholder.com/en/workers-comp

#WorkersComp #SmallBusiness #NJInsurance #Bilingual

Not a licensed agency. We connect you with licensed NJ/NY agents. Educational info, not advice.","329","https://example-placeholder.com/en/workers-comp","true","video","Text card: question large on top, short answer below. High contrast, readable on mobile.","","HOOK (0-3s): ""How many employees before workers' comp is required in NJ?""
BODY (3-25s): explain the point with one concrete local example.
CLOSE (25-30s): ""We connect you with a licensed agent, free. Link in bio.""","draft",""
"faq-workers-comp-all-es-facebook","facebook","es","faq","","workers-comp","Si le pago en efectivo o es subcontratista, ¿cuenta como empleado?

En una auditoría, lo que decide no es cómo le llamas ni cómo le pagas, sino la relación real de trabajo: quién dirige la tarea, quién pone la herramienta y si la persona tiene su propia póliza.

Te conectamos gratis con un agente con licencia en NJ y NY.

https://example-placeholder.com/es/compensacion-laboral

#CompensacionLaboral #WorkersComp #Negocios #SegurosEnEspañol #NuevaJersey

No somos agencia con licencia. Te conectamos con agentes con licencia en NJ/NY. Info educativa, no asesoría.","565","https://example-placeholder.com/es/compensacion-laboral","false","","","","","draft",""
"faq-workers-comp-all-es-instagram","instagram","es","faq","","workers-comp","Si le pago en efectivo o es subcontratista, ¿cuenta como empleado?

En una auditoría, lo que decide no es cómo le llamas ni cómo le pagas, sino la relación real de trabajo: quién dirige la tarea, quién pone la herramienta y si la persona tiene su propia póliza.

Te conectamos gratis con un agente con licencia en NJ y NY.

https://example-placeholder.com/es/compensacion-laboral

#CompensacionLaboral #WorkersComp #Negocios #SegurosEnEspañol #NuevaJersey

No somos agencia con licencia. Te conectamos con agentes con licencia en NJ/NY. Info educativa, no asesoría.","565","https://example-placeholder.com/es/compensacion-laboral","true","image","Tarjeta de texto: la pregunta grande arriba, la respuesta corta abajo. Alto contraste, legible en móvil.","","","draft",""
"faq-workers-comp-all-es-tiktok","tiktok","es","faq","","workers-comp","Si le pago en efectivo o es subcontratista, ¿cuenta como empleado?

En una auditoría, lo que decide no es cómo le llamas ni cómo le pagas, sino la relación real de trabajo: quién dirige la tarea, quién pone la herramienta y si la persona tiene su propia póliza.

Te conectamos gratis con un agente con licencia en NJ y NY.

https://example-placeholder.com/es/compensacion-laboral

#CompensacionLaboral #WorkersComp #Negocios #SegurosEnEspañol #NuevaJersey

No somos agencia con licencia. Te conectamos con agentes con licencia en NJ/NY. Info educativa, no asesoría.","565","https://example-placeholder.com/es/compensacion-laboral","true","video","Tarjeta de texto: la pregunta grande arriba, la respuesta corta abajo. Alto contraste, legible en móvil.","","GANCHO (0-3s): ""Si le pago en efectivo o es subcontratista, ¿cuenta como empleado?""
DESARROLLO (3-25s): explica el punto con un ejemplo concreto de la zona.
CIERRE (25-30s): ""Te conectamos gratis con un agente con licencia. Link en bio.""","draft",""
"faq-workers-comp-all-en-facebook","facebook","en","faq","","workers-comp","If I pay cash or they're a subcontractor, do they count as an employee?

In an audit, what decides is not what you call them or how you pay, but the actual working relationship: who directs the task, who supplies the tools, and whether the person carries their own policy.

We connect you with a licensed NJ/NY agent, free.

https://example-placeholder.com/en/workers-comp

#WorkersComp #SmallBusiness #NJInsurance #Bilingual

Not a licensed agency. We connect you with licensed NJ/NY agents. Educational info, not advice.","522","https://example-placeholder.com/en/workers-comp","false","","","","","draft",""
"faq-workers-comp-all-en-instagram","instagram","en","faq","","workers-comp","If I pay cash or they're a subcontractor, do they count as an employee?

In an audit, what decides is not what you call them or how you pay, but the actual working relationship: who directs the task, who supplies the tools, and whether the person carries their own policy.

We connect you with a licensed NJ/NY agent, free.

https://example-placeholder.com/en/workers-comp

#WorkersComp #SmallBusiness #NJInsurance #Bilingual

Not a licensed agency. We connect you with licensed NJ/NY agents. Educational info, not advice.","522","https://example-placeholder.com/en/workers-comp","true","image","Text card: question large on top, short answer below. High contrast, readable on mobile.","","","draft",""
"faq-workers-comp-all-en-tiktok","tiktok","en","faq","","workers-comp","If I pay cash or they're a subcontractor, do they count as an employee?

In an audit, what decides is not what you call them or how you pay, but the actual working relationship: who directs the task, who supplies the tools, and whether the person carries their own policy.

We connect you with a licensed NJ/NY agent, free.

https://example-placeholder.com/en/workers-comp

#WorkersComp #SmallBusiness #NJInsurance #Bilingual

Not a licensed agency. We connect you with licensed NJ/NY agents. Educational info, not advice.","522","https://example-placeholder.com/en/workers-comp","true","video","Text card: question large on top, short answer below. High contrast, readable on mobile.","","HOOK (0-3s): ""If I pay cash or they're a subcontractor, do they count as an employee?""
BODY (3-25s): explain the point with one concrete local example.
CLOSE (25-30s): ""We connect you with a licensed agent, free. Link in bio.""","draft",""
"faq-workers-comp-all-es-facebook","facebook","es","faq","","workers-comp","¿Por qué Nueva Jersey tiene tarifas distintas a otros estados?

Porque NJ usa su propio buró de tarifas, el New Jersey Compensation Rating & Inspection Bureau (NJCRIB), en vez del NCCI que usan la mayoría de los estados.

Te conectamos gratis con un agente con licencia en NJ y NY.

https://example-placeholder.com/es/compensacion-laboral

#CompensacionLaboral #WorkersComp #Negocios #SegurosEnEspañol #NuevaJersey

No somos agencia con licencia. Te conectamos con agentes con licencia en NJ/NY. Info educativa, no asesoría.","524","https://example-placeholder.com/es/compensacion-laboral","false","","","","","draft",""
"faq-workers-comp-all-es-instagram","instagram","es","faq","","workers-comp","¿Por qué Nueva Jersey tiene tarifas distintas a otros estados?

Porque NJ usa su propio buró de tarifas, el New Jersey Compensation Rating & Inspection Bureau (NJCRIB), en vez del NCCI que usan la mayoría de los estados.

Te conectamos gratis con un agente con licencia en NJ y NY.

https://example-placeholder.com/es/compensacion-laboral

#CompensacionLaboral #WorkersComp #Negocios #SegurosEnEspañol #NuevaJersey

No somos agencia con licencia. Te conectamos con agentes con licencia en NJ/NY. Info educativa, no asesoría.","524","https://example-placeholder.com/es/compensacion-laboral","true","image","Tarjeta de texto: la pregunta grande arriba, la respuesta corta abajo. Alto contraste, legible en móvil.","","","draft",""
"faq-workers-comp-all-es-tiktok","tiktok","es","faq","","workers-comp","¿Por qué Nueva Jersey tiene tarifas distintas a otros estados?

Porque NJ usa su propio buró de tarifas, el New Jersey Compensation Rating & Inspection Bureau (NJCRIB), en vez del NCCI que usan la mayoría de los estados.

Te conectamos gratis con un agente con licencia en NJ y NY.

https://example-placeholder.com/es/compensacion-laboral

#CompensacionLaboral #WorkersComp #Negocios #SegurosEnEspañol #NuevaJersey

No somos agencia con licencia. Te conectamos con agentes con licencia en NJ/NY. Info educativa, no asesoría.","524","https://example-placeholder.com/es/compensacion-laboral","true","video","Tarjeta de texto: la pregunta grande arriba, la respuesta corta abajo. Alto contraste, legible en móvil.","","GANCHO (0-3s): ""¿Por qué Nueva Jersey tiene tarifas distintas a otros estados?""
DESARROLLO (3-25s): explica el punto con un ejemplo concreto de la zona.
CIERRE (25-30s): ""Te conectamos gratis con un agente con licencia. Link en bio.""","draft",""
"faq-workers-comp-all-en-facebook","facebook","en","faq","","workers-comp","Why does New Jersey have different rates than other states?

Because NJ uses its own rating bureau, the New Jersey Compensation Rating & Inspection Bureau (NJCRIB), instead of the NCCI most states use.

We connect you with a licensed NJ/NY agent, free.

https://example-placeholder.com/en/workers-comp

#WorkersComp #SmallBusiness #NJInsurance #Bilingual

Not a licensed agency. We connect you with licensed NJ/NY agents. Educational info, not advice.","451","https://example-placeholder.com/en/workers-comp","false","","","","","draft",""
"faq-workers-comp-all-en-instagram","instagram","en","faq","","workers-comp","Why does New Jersey have different rates than other states?

Because NJ uses its own rating bureau, the New Jersey Compensation Rating & Inspection Bureau (NJCRIB), instead of the NCCI most states use.

We connect you with a licensed NJ/NY agent, free.

https://example-placeholder.com/en/workers-comp

#WorkersComp #SmallBusiness #NJInsurance #Bilingual

Not a licensed agency. We connect you with licensed NJ/NY agents. Educational info, not advice.","451","https://example-placeholder.com/en/workers-comp","true","image","Text card: question large on top, short answer below. High contrast, readable on mobile.","","","draft",""
"faq-workers-comp-all-en-tiktok","tiktok","en","faq","","workers-comp","Why does New Jersey have different rates than other states?

Because NJ uses its own rating bureau, the New Jersey Compensation Rating & Inspection Bureau (NJCRIB), instead of the NCCI most states use.

We connect you with a licensed NJ/NY agent, free.

https://example-placeholder.com/en/workers-comp

#WorkersComp #SmallBusiness #NJInsurance #Bilingual

Not a licensed agency. We connect you with licensed NJ/NY agents. Educational info, not advice.","451","https://example-placeholder.com/en/workers-comp","true","video","Text card: question large on top, short answer below. High contrast, readable on mobile.","","HOOK (0-3s): ""Why does New Jersey have different rates than other states?""
BODY (3-25s): explain the point with one concrete local example.
CLOSE (25-30s): ""We connect you with a licensed agent, free. Link in bio.""","draft",""
"faq-workers-comp-all-es-facebook","facebook","es","faq","","workers-comp","¿Qué pasa si tengo empleados y no tengo workers' comp?

En Nueva Jersey operar sin la cobertura teniendo empleados puede traer multas diarias y, más serio, responsabilidad personal del dueño por los costos médicos y salarios perdidos del trabajador lesionado.

Te conectamos gratis con un agente con licencia en NJ y NY.

https://example-placeholder.com/es/compensacion-laboral

#CompensacionLaboral #WorkersComp #Negocios #SegurosEnEspañol #NuevaJersey

No somos agencia con licencia. Te conectamos con agentes con licencia en NJ/NY. Info educativa, no asesoría.","563","https://example-placeholder.com/es/compensacion-laboral","false","","","","","draft",""
"faq-workers-comp-all-es-instagram","instagram","es","faq","","workers-comp","¿Qué pasa si tengo empleados y no tengo workers' comp?

En Nueva Jersey operar sin la cobertura teniendo empleados puede traer multas diarias y, más serio, responsabilidad personal del dueño por los costos médicos y salarios perdidos del trabajador lesionado.

Te conectamos gratis con un agente con licencia en NJ y NY.

https://example-placeholder.com/es/compensacion-laboral

#CompensacionLaboral #WorkersComp #Negocios #SegurosEnEspañol #NuevaJersey

No somos agencia con licencia. Te conectamos con agentes con licencia en NJ/NY. Info educativa, no asesoría.","563","https://example-placeholder.com/es/compensacion-laboral","true","image","Tarjeta de texto: la pregunta grande arriba, la respuesta corta abajo. Alto contraste, legible en móvil.","","","draft",""
"faq-workers-comp-all-es-tiktok","tiktok","es","faq","","workers-comp","¿Qué pasa si tengo empleados y no tengo workers' comp?

En Nueva Jersey operar sin la cobertura teniendo empleados puede traer multas diarias y, más serio, responsabilidad personal del dueño por los costos médicos y salarios perdidos del trabajador lesionado.

Te conectamos gratis con un agente con licencia en NJ y NY.

https://example-placeholder.com/es/compensacion-laboral

#CompensacionLaboral #WorkersComp #Negocios #SegurosEnEspañol #NuevaJersey

No somos agencia con licencia. Te conectamos con agentes con licencia en NJ/NY. Info educativa, no asesoría.","563","https://example-placeholder.com/es/compensacion-laboral","true","video","Tarjeta de texto: la pregunta grande arriba, la respuesta corta abajo. Alto contraste, legible en móvil.","","GANCHO (0-3s): ""¿Qué pasa si tengo empleados y no tengo workers' comp?""
DESARROLLO (3-25s): explica el punto con un ejemplo concreto de la zona.
CIERRE (25-30s): ""Te conectamos gratis con un agente con licencia. Link en bio.""","draft",""
"faq-workers-comp-all-en-facebook","facebook","en","faq","","workers-comp","What happens if I have employees and no workers' comp?

In New Jersey, operating without coverage while having employees can bring daily fines and, more seriously, personal liability for the injured worker's medical costs and lost wages.

We connect you with a licensed NJ/NY agent, free.

https://example-placeholder.com/en/workers-comp

#WorkersComp #SmallBusiness #NJInsurance #Bilingual

Not a licensed agency. We connect you with licensed NJ/NY agents. Educational info, not advice.","487","https://example-placeholder.com/en/workers-comp","false","","","","","draft",""
"faq-workers-comp-all-en-instagram","instagram","en","faq","","workers-comp","What happens if I have employees and no workers' comp?

In New Jersey, operating without coverage while having employees can bring daily fines and, more seriously, personal liability for the injured worker's medical costs and lost wages.

We connect you with a licensed NJ/NY agent, free.

https://example-placeholder.com/en/workers-comp

#WorkersComp #SmallBusiness #NJInsurance #Bilingual

Not a licensed agency. We connect you with licensed NJ/NY agents. Educational info, not advice.","487","https://example-placeholder.com/en/workers-comp","true","image","Text card: question large on top, short answer below. High contrast, readable on mobile.","","","draft",""
"faq-workers-comp-all-en-tiktok","tiktok","en","faq","","workers-comp","What happens if I have employees and no workers' comp?

In New Jersey, operating without coverage while having employees can bring daily fines and, more seriously, personal liability for the injured worker's medical costs and lost wages.

We connect you with a licensed NJ/NY agent, free.

https://example-placeholder.com/en/workers-comp

#WorkersComp #SmallBusiness #NJInsurance #Bilingual

Not a licensed agency. We connect you with licensed NJ/NY agents. Educational info, not advice.","487","https://example-placeholder.com/en/workers-comp","true","video","Text card: question large on top, short answer below. High contrast, readable on mobile.","","HOOK (0-3s): ""What happens if I have employees and no workers' comp?""
BODY (3-25s): explain the point with one concrete local example.
CLOSE (25-30s): ""We connect you with a licensed agent, free. Link in bio.""","draft",""
"faq-workers-comp-all-es-facebook","facebook","es","faq","","workers-comp","Mi cuadrilla trabaja en NJ y en NY. ¿Necesito dos pólizas?

Posiblemente.

Te conectamos gratis con un agente con licencia en NJ y NY.

https://example-placeholder.com/es/compensacion-laboral

#CompensacionLaboral #WorkersComp #Negocios #SegurosEnEspañol #NuevaJersey

No somos agencia con licencia. Te conectamos con agentes con licencia en NJ/NY. Info educativa, no asesoría.","377","https://example-placeholder.com/es/compensacion-laboral","false","","","","","draft",""
"faq-workers-comp-all-es-instagram","instagram","es","faq","","workers-comp","Mi cuadrilla trabaja en NJ y en NY. ¿Necesito dos pólizas?

Posiblemente.

Te conectamos gratis con un agente con licencia en NJ y NY.

https://example-placeholder.com/es/compensacion-laboral

#CompensacionLaboral #WorkersComp #Negocios #SegurosEnEspañol #NuevaJersey

No somos agencia con licencia. Te conectamos con agentes con licencia en NJ/NY. Info educativa, no asesoría.","377","https://example-placeholder.com/es/compensacion-laboral","true","image","Tarjeta de texto: la pregunta grande arriba, la respuesta corta abajo. Alto contraste, legible en móvil.","","","draft",""
"faq-workers-comp-all-es-tiktok","tiktok","es","faq","","workers-comp","Mi cuadrilla trabaja en NJ y en NY. ¿Necesito dos pólizas?

Posiblemente.

Te conectamos gratis con un agente con licencia en NJ y NY.

https://example-placeholder.com/es/compensacion-laboral

#CompensacionLaboral #WorkersComp #Negocios #SegurosEnEspañol #NuevaJersey

No somos agencia con licencia. Te conectamos con agentes con licencia en NJ/NY. Info educativa, no asesoría.","377","https://example-placeholder.com/es/compensacion-laboral","true","video","Tarjeta de texto: la pregunta grande arriba, la respuesta corta abajo. Alto contraste, legible en móvil.","","GANCHO (0-3s): ""Mi cuadrilla trabaja en NJ y en NY. ¿Necesito dos pólizas?""
DESARROLLO (3-25s): explica el punto con un ejemplo concreto de la zona.
CIERRE (25-30s): ""Te conectamos gratis con un agente con licencia. Link en bio.""","draft",""
"faq-workers-comp-all-en-facebook","facebook","en","faq","","workers-comp","My crew works in NJ and NY. Do I need two policies?

Possibly.

We connect you with a licensed NJ/NY agent, free.

https://example-placeholder.com/en/workers-comp

#WorkersComp #SmallBusiness #NJInsurance #Bilingual

Not a licensed agency. We connect you with licensed NJ/NY agents. Educational info, not advice.","312","https://example-placeholder.com/en/workers-comp","false","","","","","draft",""
"faq-workers-comp-all-en-instagram","instagram","en","faq","","workers-comp","My crew works in NJ and NY. Do I need two policies?

Possibly.

We connect you with a licensed NJ/NY agent, free.

https://example-placeholder.com/en/workers-comp

#WorkersComp #SmallBusiness #NJInsurance #Bilingual

Not a licensed agency. We connect you with licensed NJ/NY agents. Educational info, not advice.","312","https://example-placeholder.com/en/workers-comp","true","image","Text card: question large on top, short answer below. High contrast, readable on mobile.","","","draft",""
"faq-workers-comp-all-en-tiktok","tiktok","en","faq","","workers-comp","My crew works in NJ and NY. Do I need two policies?

Possibly.

We connect you with a licensed NJ/NY agent, free.

https://example-placeholder.com/en/workers-comp

#WorkersComp #SmallBusiness #NJInsurance #Bilingual

Not a licensed agency. We connect you with licensed NJ/NY agents. Educational info, not advice.","312","https://example-placeholder.com/en/workers-comp","true","video","Text card: question large on top, short answer below. High contrast, readable on mobile.","","HOOK (0-3s): ""My crew works in NJ and NY. Do I need two policies?""
BODY (3-25s): explain the point with one concrete local example.
CLOSE (25-30s): ""We connect you with a licensed agent, free. Link in bio.""","draft",""
"fact-contractor-insurance-all-es-facebook","facebook","es","fact","","contractor-insurance","Dato que conviene saber (NJ):

Para registrarse como Home Improvement Contractor (HIC) en Nueva Jersey, la ley exige una póliza de responsabilidad civil general (CGL) con un mínimo de $500,000 por ocurrencia.

Fuente: N.J.A.C. 13:45A-17.6

https://example-placeholder.com/es

#Contratistas #SeguroDeContratista #COI #SegurosEnEspañol #NuevaJersey

No somos agencia con licencia. Te conectamos con agentes con licencia en NJ/NY. Info educativa, no asesoría.","456","https://example-placeholder.com/es","false","","","","","draft",""
"fact-contractor-insurance-all-es-instagram","instagram","es","fact","","contractor-insurance","Dato que conviene saber (NJ):

Para registrarse como Home Improvement Contractor (HIC) en Nueva Jersey, la ley exige una póliza de responsabilidad civil general (CGL) con un mínimo de $500,000 por ocurrencia.

Fuente: N.J.A.C. 13:45A-17.6

https://example-placeholder.com/es

#Contratistas #SeguroDeContratista #COI #SegurosEnEspañol #NuevaJersey

No somos agencia con licencia. Te conectamos con agentes con licencia en NJ/NY. Info educativa, no asesoría.","456","https://example-placeholder.com/es","true","image","Tarjeta con la cifra o la fecha clave en grande, y la cita legal pequeña abajo.","","","draft",""
"fact-contractor-insurance-all-es-tiktok","tiktok","es","fact","","contractor-insurance","Dato que conviene saber (NJ):

Para registrarse como Home Improvement Contractor (HIC) en Nueva Jersey, la ley exige una póliza de responsabilidad civil general (CGL) con un mínimo de $500,000 por ocurrencia.

Fuente: N.J.A.C. 13:45A-17.6

https://example-placeholder.com/es

#Contratistas #SeguroDeContratista #COI #SegurosEnEspañol #NuevaJersey

No somos agencia con licencia. Te conectamos con agentes con licencia en NJ/NY. Info educativa, no asesoría.","456","https://example-placeholder.com/es","true","video","Tarjeta con la cifra o la fecha clave en grande, y la cita legal pequeña abajo.","","GANCHO (0-3s): ""Para registrarse como Home Improvement Contractor (HIC) en Nueva Jersey, la ley exige una póliza de responsabilidad civil general (CGL) con un mínimo de $500,000 por ocurrencia.""
DESARROLLO (3-25s): explica el punto con un ejemplo concreto de la zona.
CIERRE (25-30s): ""Te conectamos gratis con un agente con licencia. Link en bio.""","draft",""
"fact-contractor-insurance-all-en-facebook","facebook","en","fact","","contractor-insurance","Worth knowing (NJ):

To register as a Home Improvement Contractor (HIC) in New Jersey, the law requires a commercial general liability (CGL) policy with a minimum of $500,000 per occurrence.

Source: N.J.A.C. 13:45A-17.6

https://example-placeholder.com/en

#Contractors #GeneralLiability #COI #NJInsurance #Bilingual

Not a licensed agency. We connect you with licensed NJ/NY agents. Educational info, not advice.","414","https://example-placeholder.com/en","false","","","","","draft",""
"fact-contractor-insurance-all-en-instagram","instagram","en","fact","","contractor-insurance","Worth knowing (NJ):

To register as a Home Improvement Contractor (HIC) in New Jersey, the law requires a commercial general liability (CGL) policy with a minimum of $500,000 per occurrence.

Source: N.J.A.C. 13:45A-17.6

https://example-placeholder.com/en

#Contractors #GeneralLiability #COI #NJInsurance #Bilingual

Not a licensed agency. We connect you with licensed NJ/NY agents. Educational info, not advice.","414","https://example-placeholder.com/en","true","image","Card with the key figure or date large, legal citation small underneath.","","","draft",""
"fact-contractor-insurance-all-en-tiktok","tiktok","en","fact","","contractor-insurance","Worth knowing (NJ):

To register as a Home Improvement Contractor (HIC) in New Jersey, the law requires a commercial general liability (CGL) policy with a minimum of $500,000 per occurrence.

Source: N.J.A.C. 13:45A-17.6

https://example-placeholder.com/en

#Contractors #GeneralLiability #COI #NJInsurance #Bilingual

Not a licensed agency. We connect you with licensed NJ/NY agents. Educational info, not advice.","414","https://example-placeholder.com/en","true","video","Card with the key figure or date large, legal citation small underneath.","","HOOK (0-3s): ""To register as a Home Improvement Contractor (HIC) in New Jersey, the law requires a commercial general liability (CGL) policy with a minimum of $500,000 per occurrence.""
BODY (3-25s): explain the point with one concrete local example.
CLOSE (25-30s): ""We connect you with a licensed agent, free. Link in bio.""","draft",""
"fact-contractor-insurance-all-es-facebook","facebook","es","fact","","contractor-insurance","Dato que conviene saber (NJ):

Desde 2025, el registro de contratista en NJ también exige comprobante de compensación laboral (workers' comp) cuando hay empleados, y una fianza de cumplimiento (compliance bond) de $10,000 a $50,000 según el tamaño del contrato.

Fuente: N.J.S.A. 56:8-136 et seq. (as amended, effective 2025)

https://example-placeholder.com/es

#Contratistas #SeguroDeContratista #COI #SegurosEnEspañol #NuevaJersey

No somos agencia con licencia. Te conectamos con agentes con licencia en NJ/NY. Info educativa, no asesoría.","543","https://example-placeholder.com/es","false","","","","","draft",""
"fact-contractor-insurance-all-es-instagram","instagram","es","fact","","contractor-insurance","Dato que conviene saber (NJ):

Desde 2025, el registro de contratista en NJ también exige comprobante de compensación laboral (workers' comp) cuando hay empleados, y una fianza de cumplimiento (compliance bond) de $10,000 a $50,000 según el tamaño del contrato.

Fuente: N.J.S.A. 56:8-136 et seq. (as amended, effective 2025)

https://example-placeholder.com/es

#Contratistas #SeguroDeContratista #COI #SegurosEnEspañol #NuevaJersey

No somos agencia con licencia. Te conectamos con agentes con licencia en NJ/NY. Info educativa, no asesoría.","543","https://example-placeholder.com/es","true","image","Tarjeta con la cifra o la fecha clave en grande, y la cita legal pequeña abajo.","","","draft",""
"fact-contractor-insurance-all-es-tiktok","tiktok","es","fact","","contractor-insurance","Dato que conviene saber (NJ):

Desde 2025, el registro de contratista en NJ también exige comprobante de compensación laboral (workers' comp) cuando hay empleados, y una fianza de cumplimiento (compliance bond) de $10,000 a $50,000 según el tamaño del contrato.

Fuente: N.J.S.A. 56:8-136 et seq. (as amended, effective 2025)

https://example-placeholder.com/es

#Contratistas #SeguroDeContratista #COI #SegurosEnEspañol #NuevaJersey

No somos agencia con licencia. Te conectamos con agentes con licencia en NJ/NY. Info educativa, no asesoría.","543","https://example-placeholder.com/es","true","video","Tarjeta con la cifra o la fecha clave en grande, y la cita legal pequeña abajo.","","GANCHO (0-3s): ""Desde 2025, el registro de contratista en NJ también exige comprobante de compensación laboral (workers' comp) cuando hay empleados, y una fianza de cumplimiento (compliance bond) de $10,000 a…""
DESARROLLO (3-25s): explica el punto con un ejemplo concreto de la zona.
CIERRE (25-30s): ""Te conectamos gratis con un agente con licencia. Link en bio.""","draft",""
"fact-contractor-insurance-all-en-facebook","facebook","en","fact","","contractor-insurance","Worth knowing (NJ):

Since 2025, NJ contractor registration also requires proof of workers' compensation when there are employees, plus a compliance bond of $10,000 to $50,000 depending on contract size.

Source: N.J.S.A. 56:8-136 et seq. (as amended, effective 2025)

https://example-placeholder.com/en

#Contractors #GeneralLiability #COI #NJInsurance #Bilingual

Not a licensed agency. We connect you with licensed NJ/NY agents. Educational info, not advice.","461","https://example-placeholder.com/en","false","","","","","draft",""
"fact-contractor-insurance-all-en-instagram","instagram","en","fact","","contractor-insurance","Worth knowing (NJ):

Since 2025, NJ contractor registration also requires proof of workers' compensation when there are employees, plus a compliance bond of $10,000 to $50,000 depending on contract size.

Source: N.J.S.A. 56:8-136 et seq. (as amended, effective 2025)

https://example-placeholder.com/en

#Contractors #GeneralLiability #COI #NJInsurance #Bilingual

Not a licensed agency. We connect you with licensed NJ/NY agents. Educational info, not advice.","461","https://example-placeholder.com/en","true","image","Card with the key figure or date large, legal citation small underneath.","","","draft",""
"fact-contractor-insurance-all-en-tiktok","tiktok","en","fact","","contractor-insurance","Worth knowing (NJ):

Since 2025, NJ contractor registration also requires proof of workers' compensation when there are employees, plus a compliance bond of $10,000 to $50,000 depending on contract size.

Source: N.J.S.A. 56:8-136 et seq. (as amended, effective 2025)

https://example-placeholder.com/en

#Contractors #GeneralLiability #COI #NJInsurance #Bilingual

Not a licensed agency. We connect you with licensed NJ/NY agents. Educational info, not advice.","461","https://example-placeholder.com/en","true","video","Card with the key figure or date large, legal citation small underneath.","","HOOK (0-3s): ""Since 2025, NJ contractor registration also requires proof of workers' compensation when there are employees, plus a compliance bond of $10,000 to $50,000 depending on contract size.""
BODY (3-25s): explain the point with one concrete local example.
CLOSE (25-30s): ""We connect you with a licensed agent, free. Link in bio.""","draft",""
"fact-contractor-insurance-all-es-facebook","facebook","es","fact","","contractor-insurance","Dato que conviene saber (NJ):

El registro de contratista en NJ se renueva cada año y vence el 31 de marzo.

Fuente: NJ Division of Consumer Affairs, HIC registration renewal

https://example-placeholder.com/es

#Contratistas #SeguroDeContratista #COI #SegurosEnEspañol #NuevaJersey

No somos agencia con licencia. Te conectamos con agentes con licencia en NJ/NY. Info educativa, no asesoría.","392","https://example-placeholder.com/es","false","","","","","draft",""
"fact-contractor-insurance-all-es-instagram","instagram","es","fact","","contractor-insurance","Dato que conviene saber (NJ):

El registro de contratista en NJ se renueva cada año y vence el 31 de marzo.

Fuente: NJ Division of Consumer Affairs, HIC registration renewal

https://example-placeholder.com/es

#Contratistas #SeguroDeContratista #COI #SegurosEnEspañol #NuevaJersey

No somos agencia con licencia. Te conectamos con agentes con licencia en NJ/NY. Info educativa, no asesoría.","392","https://example-placeholder.com/es","true","image","Tarjeta con la cifra o la fecha clave en grande, y la cita legal pequeña abajo.","","","draft",""
"fact-contractor-insurance-all-es-tiktok","tiktok","es","fact","","contractor-insurance","Dato que conviene saber (NJ):

El registro de contratista en NJ se renueva cada año y vence el 31 de marzo.

Fuente: NJ Division of Consumer Affairs, HIC registration renewal

https://example-placeholder.com/es

#Contratistas #SeguroDeContratista #COI #SegurosEnEspañol #NuevaJersey

No somos agencia con licencia. Te conectamos con agentes con licencia en NJ/NY. Info educativa, no asesoría.","392","https://example-placeholder.com/es","true","video","Tarjeta con la cifra o la fecha clave en grande, y la cita legal pequeña abajo.","","GANCHO (0-3s): ""El registro de contratista en NJ se renueva cada año y vence el 31 de marzo.""
DESARROLLO (3-25s): explica el punto con un ejemplo concreto de la zona.
CIERRE (25-30s): ""Te conectamos gratis con un agente con licencia. Link en bio.""","draft",""
"fact-contractor-insurance-all-en-facebook","facebook","en","fact","","contractor-insurance","Worth knowing (NJ):

NJ contractor registration renews annually and expires March 31.

Source: NJ Division of Consumer Affairs, HIC registration renewal

https://example-placeholder.com/en

#Contractors #GeneralLiability #COI #NJInsurance #Bilingual

Not a licensed agency. We connect you with licensed NJ/NY agents. Educational info, not advice.","346","https://example-placeholder.com/en","false","","","","","draft",""
"fact-contractor-insurance-all-en-instagram","instagram","en","fact","","contractor-insurance","Worth knowing (NJ):

NJ contractor registration renews annually and expires March 31.

Source: NJ Division of Consumer Affairs, HIC registration renewal

https://example-placeholder.com/en

#Contractors #GeneralLiability #COI #NJInsurance #Bilingual

Not a licensed agency. We connect you with licensed NJ/NY agents. Educational info, not advice.","346","https://example-placeholder.com/en","true","image","Card with the key figure or date large, legal citation small underneath.","","","draft",""
"fact-contractor-insurance-all-en-tiktok","tiktok","en","fact","","contractor-insurance","Worth knowing (NJ):

NJ contractor registration renews annually and expires March 31.

Source: NJ Division of Consumer Affairs, HIC registration renewal

https://example-placeholder.com/en

#Contractors #GeneralLiability #COI #NJInsurance #Bilingual

Not a licensed agency. We connect you with licensed NJ/NY agents. Educational info, not advice.","346","https://example-placeholder.com/en","true","video","Card with the key figure or date large, legal citation small underneath.","","HOOK (0-3s): ""NJ contractor registration renews annually and expires March 31.""
BODY (3-25s): explain the point with one concrete local example.
CLOSE (25-30s): ""We connect you with a licensed agent, free. Link in bio.""","draft",""
"fact-contractor-insurance-all-es-facebook","facebook","es","fact","","contractor-insurance","Dato que conviene saber (NJ):

En Nueva Jersey, la compensación laboral es obligatoria para cualquier negocio con empleados, sin importar cuántos sean ni si son de tiempo completo.

Fuente: N.J.S.A. 34:15-1 et seq.

https://example-placeholder.com/es

#Contratistas #SeguroDeContratista #COI #SegurosEnEspañol #NuevaJersey

No somos agencia con licencia. Te conectamos con agentes con licencia en NJ/NY. Info educativa, no asesoría.","432","https://example-placeholder.com/es","false","","","","","draft",""
"fact-contractor-insurance-all-es-instagram","instagram","es","fact","","contractor-insurance","Dato que conviene saber (NJ):

En Nueva Jersey, la compensación laboral es obligatoria para cualquier negocio con empleados, sin importar cuántos sean ni si son de tiempo completo.

Fuente: N.J.S.A. 34:15-1 et seq.

https://example-placeholder.com/es

#Contratistas #SeguroDeContratista #COI #SegurosEnEspañol #NuevaJersey

No somos agencia con licencia. Te conectamos con agentes con licencia en NJ/NY. Info educativa, no asesoría.","432","https://example-placeholder.com/es","true","image","Tarjeta con la cifra o la fecha clave en grande, y la cita legal pequeña abajo.","","","draft",""
"fact-contractor-insurance-all-es-tiktok","tiktok","es","fact","","contractor-insurance","Dato que conviene saber (NJ):

En Nueva Jersey, la compensación laboral es obligatoria para cualquier negocio con empleados, sin importar cuántos sean ni si son de tiempo completo.

Fuente: N.J.S.A. 34:15-1 et seq.

https://example-placeholder.com/es

#Contratistas #SeguroDeContratista #COI #SegurosEnEspañol #NuevaJersey

No somos agencia con licencia. Te conectamos con agentes con licencia en NJ/NY. Info educativa, no asesoría.","432","https://example-placeholder.com/es","true","video","Tarjeta con la cifra o la fecha clave en grande, y la cita legal pequeña abajo.","","GANCHO (0-3s): ""En Nueva Jersey, la compensación laboral es obligatoria para cualquier negocio con empleados, sin importar cuántos sean ni si son de tiempo completo.""
DESARROLLO (3-25s): explica el punto con un ejemplo concreto de la zona.
CIERRE (25-30s): ""Te conectamos gratis con un agente con licencia. Link en bio.""","draft",""
"fact-contractor-insurance-all-en-facebook","facebook","en","fact","","contractor-insurance","Worth knowing (NJ):

In New Jersey, workers' compensation is mandatory for any business with employees, regardless of how many or whether they are full-time.

Source: N.J.S.A. 34:15-1 et seq.

https://example-placeholder.com/en

#Contractors #GeneralLiability #COI #NJInsurance #Bilingual

Not a licensed agency. We connect you with licensed NJ/NY agents. Educational info, not advice.","385","https://example-placeholder.com/en","false","","","","","draft",""
"fact-contractor-insurance-all-en-instagram","instagram","en","fact","","contractor-insurance","Worth knowing (NJ):

In New Jersey, workers' compensation is mandatory for any business with employees, regardless of how many or whether they are full-time.

Source: N.J.S.A. 34:15-1 et seq.

https://example-placeholder.com/en

#Contractors #GeneralLiability #COI #NJInsurance #Bilingual

Not a licensed agency. We connect you with licensed NJ/NY agents. Educational info, not advice.","385","https://example-placeholder.com/en","true","image","Card with the key figure or date large, legal citation small underneath.","","","draft",""
"fact-contractor-insurance-all-en-tiktok","tiktok","en","fact","","contractor-insurance","Worth knowing (NJ):

In New Jersey, workers' compensation is mandatory for any business with employees, regardless of how many or whether they are full-time.

Source: N.J.S.A. 34:15-1 et seq.

https://example-placeholder.com/en

#Contractors #GeneralLiability #COI #NJInsurance #Bilingual

Not a licensed agency. We connect you with licensed NJ/NY agents. Educational info, not advice.","385","https://example-placeholder.com/en","true","video","Card with the key figure or date large, legal citation small underneath.","","HOOK (0-3s): ""In New Jersey, workers' compensation is mandatory for any business with employees, regardless of how many or whether they are full-time.""
BODY (3-25s): explain the point with one concrete local example.
CLOSE (25-30s): ""We connect you with a licensed agent, free. Link in bio.""","draft",""
"fact-workers-comp-all-es-facebook","facebook","es","fact","","workers-comp","Dato que conviene saber (NJ):

Nueva Jersey usa su propio buró de tarifas, el NJCRIB, no el NCCI que usan la mayoría de los estados.

Fuente: New Jersey Compensation Rating & Inspection Bureau (NJCRIB)

https://example-placeholder.com/es

#CompensacionLaboral #WorkersComp #Negocios #SegurosEnEspañol #NuevaJersey

No somos agencia con licencia. Te conectamos con agentes con licencia en NJ/NY. Info educativa, no asesoría.","423","https://example-placeholder.com/es","false","","","","","draft",""
"fact-workers-comp-all-es-instagram","instagram","es","fact","","workers-comp","Dato que conviene saber (NJ):

Nueva Jersey usa su propio buró de tarifas, el NJCRIB, no el NCCI que usan la mayoría de los estados.

Fuente: New Jersey Compensation Rating & Inspection Bureau (NJCRIB)

https://example-placeholder.com/es

#CompensacionLaboral #WorkersComp #Negocios #SegurosEnEspañol #NuevaJersey

No somos agencia con licencia. Te conectamos con agentes con licencia en NJ/NY. Info educativa, no asesoría.","423","https://example-placeholder.com/es","true","image","Tarjeta con la cifra o la fecha clave en grande, y la cita legal pequeña abajo.","","","draft",""
"fact-workers-comp-all-es-tiktok","tiktok","es","fact","","workers-comp","Dato que conviene saber (NJ):

Nueva Jersey usa su propio buró de tarifas, el NJCRIB, no el NCCI que usan la mayoría de los estados.

Fuente: New Jersey Compensation Rating & Inspection Bureau (NJCRIB)

https://example-placeholder.com/es

#CompensacionLaboral #WorkersComp #Negocios #SegurosEnEspañol #NuevaJersey

No somos agencia con licencia. Te conectamos con agentes con licencia en NJ/NY. Info educativa, no asesoría.","423","https://example-placeholder.com/es","true","video","Tarjeta con la cifra o la fecha clave en grande, y la cita legal pequeña abajo.","","GANCHO (0-3s): ""Nueva Jersey usa su propio buró de tarifas, el NJCRIB, no el NCCI que usan la mayoría de los estados.""
DESARROLLO (3-25s): explica el punto con un ejemplo concreto de la zona.
CIERRE (25-30s): ""Te conectamos gratis con un agente con licencia. Link en bio.""","draft",""
"fact-workers-comp-all-en-facebook","facebook","en","fact","","workers-comp","Worth knowing (NJ):

New Jersey uses its own rating bureau, NJCRIB, not the NCCI used by most states.

Source: New Jersey Compensation Rating & Inspection Bureau (NJCRIB)

https://example-placeholder.com/en

#WorkersComp #SmallBusiness #NJInsurance #Bilingual

Not a licensed agency. We connect you with licensed NJ/NY agents. Educational info, not advice.","356","https://example-placeholder.com/en","false","","","","","draft",""
"fact-workers-comp-all-en-instagram","instagram","en","fact","","workers-comp","Worth knowing (NJ):

New Jersey uses its own rating bureau, NJCRIB, not the NCCI used by most states.

Source: New Jersey Compensation Rating & Inspection Bureau (NJCRIB)

https://example-placeholder.com/en

#WorkersComp #SmallBusiness #NJInsurance #Bilingual

Not a licensed agency. We connect you with licensed NJ/NY agents. Educational info, not advice.","356","https://example-placeholder.com/en","true","image","Card with the key figure or date large, legal citation small underneath.","","","draft",""
"fact-workers-comp-all-en-tiktok","tiktok","en","fact","","workers-comp","Worth knowing (NJ):

New Jersey uses its own rating bureau, NJCRIB, not the NCCI used by most states.

Source: New Jersey Compensation Rating & Inspection Bureau (NJCRIB)

https://example-placeholder.com/en

#WorkersComp #SmallBusiness #NJInsurance #Bilingual

Not a licensed agency. We connect you with licensed NJ/NY agents. Educational info, not advice.","356","https://example-placeholder.com/en","true","video","Card with the key figure or date large, legal citation small underneath.","","HOOK (0-3s): ""New Jersey uses its own rating bureau, NJCRIB, not the NCCI used by most states.""
BODY (3-25s): explain the point with one concrete local example.
CLOSE (25-30s): ""We connect you with a licensed agent, free. Link in bio.""","draft",""
"fact-cheap-auto-insurance-all-es-facebook","facebook","es","fact","","cheap-auto-insurance","Dato que conviene saber (NJ):

Los límites mínimos de responsabilidad para autos en NJ son 25/50/25: $25,000 por persona por lesiones, $50,000 por accidente, y $25,000 por daños a la propiedad.

Fuente: N.J.S.A. 39:6B-1 (2023 limits)

https://example-placeholder.com/es

#SeguroDeAuto #Aseguranza #AutoBarato #SegurosEnEspañol #NuevaJersey

No somos agencia con licencia. Te conectamos con agentes con licencia en NJ/NY. Info educativa, no asesoría.","449","https://example-placeholder.com/es","false","","","","","draft",""
"fact-cheap-auto-insurance-all-es-instagram","instagram","es","fact","","cheap-auto-insurance","Dato que conviene saber (NJ):

Los límites mínimos de responsabilidad para autos en NJ son 25/50/25: $25,000 por persona por lesiones, $50,000 por accidente, y $25,000 por daños a la propiedad.

Fuente: N.J.S.A. 39:6B-1 (2023 limits)

https://example-placeholder.com/es

#SeguroDeAuto #Aseguranza #AutoBarato #SegurosEnEspañol #NuevaJersey

No somos agencia con licencia. Te conectamos con agentes con licencia en NJ/NY. Info educativa, no asesoría.","449","https://example-placeholder.com/es","true","image","Tarjeta con la cifra o la fecha clave en grande, y la cita legal pequeña abajo.","","","draft",""
"fact-cheap-auto-insurance-all-es-tiktok","tiktok","es","fact","","cheap-auto-insurance","Dato que conviene saber (NJ):

Los límites mínimos de responsabilidad para autos en NJ son 25/50/25: $25,000 por persona por lesiones, $50,000 por accidente, y $25,000 por daños a la propiedad.

Fuente: N.J.S.A. 39:6B-1 (2023 limits)

https://example-placeholder.com/es

#SeguroDeAuto #Aseguranza #AutoBarato #SegurosEnEspañol #NuevaJersey

No somos agencia con licencia. Te conectamos con agentes con licencia en NJ/NY. Info educativa, no asesoría.","449","https://example-placeholder.com/es","true","video","Tarjeta con la cifra o la fecha clave en grande, y la cita legal pequeña abajo.","","GANCHO (0-3s): ""Los límites mínimos de responsabilidad para autos en NJ son 25/50/25: $25,000 por persona por lesiones, $50,000 por accidente, y $25,000 por daños a la propiedad.""
DESARROLLO (3-25s): explica el punto con un ejemplo concreto de la zona.
CIERRE (25-30s): ""Te conectamos gratis con un agente con licencia. Link en bio.""","draft",""
"fact-cheap-auto-insurance-all-en-facebook","facebook","en","fact","","cheap-auto-insurance","Worth knowing (NJ):

New Jersey's minimum auto liability limits are 25/50/25: $25,000 per person for bodily injury, $50,000 per accident, and $25,000 for property damage.

Source: N.J.S.A. 39:6B-1 (2023 limits)

https://example-placeholder.com/en

#AutoInsurance #CarInsurance #NJInsurance #Bilingual

Not a licensed agency. We connect you with licensed NJ/NY agents. Educational info, not advice.","397","https://example-placeholder.com/en","false","","","","","draft",""
"fact-cheap-auto-insurance-all-en-instagram","instagram","en","fact","","cheap-auto-insurance","Worth knowing (NJ):

New Jersey's minimum auto liability limits are 25/50/25: $25,000 per person for bodily injury, $50,000 per accident, and $25,000 for property damage.

Source: N.J.S.A. 39:6B-1 (2023 limits)

https://example-placeholder.com/en

#AutoInsurance #CarInsurance #NJInsurance #Bilingual

Not a licensed agency. We connect you with licensed NJ/NY agents. Educational info, not advice.","397","https://example-placeholder.com/en","true","image","Card with the key figure or date large, legal citation small underneath.","","","draft",""
"fact-cheap-auto-insurance-all-en-tiktok","tiktok","en","fact","","cheap-auto-insurance","Worth knowing (NJ):

New Jersey's minimum auto liability limits are 25/50/25: $25,000 per person for bodily injury, $50,000 per accident, and $25,000 for property damage.

Source: N.J.S.A. 39:6B-1 (2023 limits)

https://example-placeholder.com/en

#AutoInsurance #CarInsurance #NJInsurance #Bilingual

Not a licensed agency. We connect you with licensed NJ/NY agents. Educational info, not advice.","397","https://example-placeholder.com/en","true","video","Card with the key figure or date large, legal citation small underneath.","","HOOK (0-3s): ""New Jersey's minimum auto liability limits are 25/50/25: $25,000 per person for bodily injury, $50,000 per accident, and $25,000 for property damage.""
BODY (3-25s): explain the point with one concrete local example.
CLOSE (25-30s): ""We connect you with a licensed agent, free. Link in bio.""","draft",""
"fact-cheap-auto-insurance-all-es-facebook","facebook","es","fact","","cheap-auto-insurance","Dato que conviene saber (NJ):

Para pólizas emitidas o renovadas a partir del 1 de enero de 2026, los mínimos de NJ suben a 35/70/25: $35,000 por persona, $70,000 por accidente y $25,000 por daños a la propiedad.

Fuente: NJ DOBI Bulletin 25-06

https://example-placeholder.com/es

#SeguroDeAuto #Aseguranza #AutoBarato #SegurosEnEspañol #NuevaJersey

No somos agencia con licencia. Te conectamos con agentes con licencia en NJ/NY. Info educativa, no asesoría.","460","https://example-placeholder.com/es","false","","","","","draft",""
"fact-cheap-auto-insurance-all-es-instagram","instagram","es","fact","","cheap-auto-insurance","Dato que conviene saber (NJ):

Para pólizas emitidas o renovadas a partir del 1 de enero de 2026, los mínimos de NJ suben a 35/70/25: $35,000 por persona, $70,000 por accidente y $25,000 por daños a la propiedad.

Fuente: NJ DOBI Bulletin 25-06

https://example-placeholder.com/es

#SeguroDeAuto #Aseguranza #AutoBarato #SegurosEnEspañol #NuevaJersey

No somos agencia con licencia. Te conectamos con agentes con licencia en NJ/NY. Info educativa, no asesoría.","460","https://example-placeholder.com/es","true","image","Tarjeta con la cifra o la fecha clave en grande, y la cita legal pequeña abajo.","","","draft",""
"fact-cheap-auto-insurance-all-es-tiktok","tiktok","es","fact","","cheap-auto-insurance","Dato que conviene saber (NJ):

Para pólizas emitidas o renovadas a partir del 1 de enero de 2026, los mínimos de NJ suben a 35/70/25: $35,000 por persona, $70,000 por accidente y $25,000 por daños a la propiedad.

Fuente: NJ DOBI Bulletin 25-06

https://example-placeholder.com/es

#SeguroDeAuto #Aseguranza #AutoBarato #SegurosEnEspañol #NuevaJersey

No somos agencia con licencia. Te conectamos con agentes con licencia en NJ/NY. Info educativa, no asesoría.","460","https://example-placeholder.com/es","true","video","Tarjeta con la cifra o la fecha clave en grande, y la cita legal pequeña abajo.","","GANCHO (0-3s): ""Para pólizas emitidas o renovadas a partir del 1 de enero de 2026, los mínimos de NJ suben a 35/70/25: $35,000 por persona, $70,000 por accidente y $25,000 por daños a la propiedad.""
DESARROLLO (3-25s): explica el punto con un ejemplo concreto de la zona.
CIERRE (25-30s): ""Te conectamos gratis con un agente con licencia. Link en bio.""","draft",""
"fact-cheap-auto-insurance-all-en-facebook","facebook","en","fact","","cheap-auto-insurance","Worth knowing (NJ):

For policies issued or renewed on or after January 1, 2026, NJ minimums rise to 35/70/25: $35,000 per person, $70,000 per accident, and $25,000 property damage.

Source: NJ DOBI Bulletin 25-06

https://example-placeholder.com/en

#AutoInsurance #CarInsurance #NJInsurance #Bilingual

Not a licensed agency. We connect you with licensed NJ/NY agents. Educational info, not advice.","400","https://example-placeholder.com/en","false","","","","","draft",""
"fact-cheap-auto-insurance-all-en-instagram","instagram","en","fact","","cheap-auto-insurance","Worth knowing (NJ):

For policies issued or renewed on or after January 1, 2026, NJ minimums rise to 35/70/25: $35,000 per person, $70,000 per accident, and $25,000 property damage.

Source: NJ DOBI Bulletin 25-06

https://example-placeholder.com/en

#AutoInsurance #CarInsurance #NJInsurance #Bilingual

Not a licensed agency. We connect you with licensed NJ/NY agents. Educational info, not advice.","400","https://example-placeholder.com/en","true","image","Card with the key figure or date large, legal citation small underneath.","","","draft",""
"fact-cheap-auto-insurance-all-en-tiktok","tiktok","en","fact","","cheap-auto-insurance","Worth knowing (NJ):

For policies issued or renewed on or after January 1, 2026, NJ minimums rise to 35/70/25: $35,000 per person, $70,000 per accident, and $25,000 property damage.

Source: NJ DOBI Bulletin 25-06

https://example-placeholder.com/en

#AutoInsurance #CarInsurance #NJInsurance #Bilingual

Not a licensed agency. We connect you with licensed NJ/NY agents. Educational info, not advice.","400","https://example-placeholder.com/en","true","video","Card with the key figure or date large, legal citation small underneath.","","HOOK (0-3s): ""For policies issued or renewed on or after January 1, 2026, NJ minimums rise to 35/70/25: $35,000 per person, $70,000 per accident, and $25,000 property damage.""
BODY (3-25s): explain the point with one concrete local example.
CLOSE (25-30s): ""We connect you with a licensed agent, free. Link in bio.""","draft",""
"fact-cheap-auto-insurance-all-es-facebook","facebook","es","fact","","cheap-auto-insurance","Dato que conviene saber (NJ):

Nueva Jersey es un estado ""no-fault"": el PIP (Personal Injury Protection) es obligatorio y paga tus gastos médicos después de un accidente sin importar quién tuvo la culpa.

Fuente: N.J.S.A. 39:6A-1 et seq.

https://example-placeholder.com/es

#SeguroDeAuto #Aseguranza #AutoBarato #SegurosEnEspañol #NuevaJersey

No somos agencia con licencia. Te conectamos con agentes con licencia en NJ/NY. Info educativa, no asesoría.","453","https://example-placeholder.com/es","false","","","","","draft",""
"fact-cheap-auto-insurance-all-es-instagram","instagram","es","fact","","cheap-auto-insurance","Dato que conviene saber (NJ):

Nueva Jersey es un estado ""no-fault"": el PIP (Personal Injury Protection) es obligatorio y paga tus gastos médicos después de un accidente sin importar quién tuvo la culpa.

Fuente: N.J.S.A. 39:6A-1 et seq.

https://example-placeholder.com/es

#SeguroDeAuto #Aseguranza #AutoBarato #SegurosEnEspañol #NuevaJersey

No somos agencia con licencia. Te conectamos con agentes con licencia en NJ/NY. Info educativa, no asesoría.","453","https://example-placeholder.com/es","true","image","Tarjeta con la cifra o la fecha clave en grande, y la cita legal pequeña abajo.","","","draft",""
"fact-cheap-auto-insurance-all-es-tiktok","tiktok","es","fact","","cheap-auto-insurance","Dato que conviene saber (NJ):

Nueva Jersey es un estado ""no-fault"": el PIP (Personal Injury Protection) es obligatorio y paga tus gastos médicos después de un accidente sin importar quién tuvo la culpa.

Fuente: N.J.S.A. 39:6A-1 et seq.

https://example-placeholder.com/es

#SeguroDeAuto #Aseguranza #AutoBarato #SegurosEnEspañol #NuevaJersey

No somos agencia con licencia. Te conectamos con agentes con licencia en NJ/NY. Info educativa, no asesoría.","453","https://example-placeholder.com/es","true","video","Tarjeta con la cifra o la fecha clave en grande, y la cita legal pequeña abajo.","","GANCHO (0-3s): ""Nueva Jersey es un estado ""no-fault"": el PIP (Personal Injury Protection) es obligatorio y paga tus gastos médicos después de un accidente sin importar quién tuvo la culpa.""
DESARROLLO (3-25s): explica el punto con un ejemplo concreto de la zona.
CIERRE (25-30s): ""Te conectamos gratis con un agente con licencia. Link en bio.""","draft",""
"fact-cheap-auto-insurance-all-en-facebook","facebook","en","fact","","cheap-auto-insurance","Worth knowing (NJ):

New Jersey is a no-fault state: PIP (Personal Injury Protection) is mandatory and pays your medical expenses after a crash regardless of who was at fault.

Source: N.J.S.A. 39:6A-1 et seq.

https://example-placeholder.com/en

#AutoInsurance #CarInsurance #NJInsurance #Bilingual

Not a licensed agency. We connect you with licensed NJ/NY agents. Educational info, not advice.","396","https://example-placeholder.com/en","false","","","","","draft",""
"fact-cheap-auto-insurance-all-en-instagram","instagram","en","fact","","cheap-auto-insurance","Worth knowing (NJ):

New Jersey is a no-fault state: PIP (Personal Injury Protection) is mandatory and pays your medical expenses after a crash regardless of who was at fault.

Source: N.J.S.A. 39:6A-1 et seq.

https://example-placeholder.com/en

#AutoInsurance #CarInsurance #NJInsurance #Bilingual

Not a licensed agency. We connect you with licensed NJ/NY agents. Educational info, not advice.","396","https://example-placeholder.com/en","true","image","Card with the key figure or date large, legal citation small underneath.","","","draft",""
"fact-cheap-auto-insurance-all-en-tiktok","tiktok","en","fact","","cheap-auto-insurance","Worth knowing (NJ):

New Jersey is a no-fault state: PIP (Personal Injury Protection) is mandatory and pays your medical expenses after a crash regardless of who was at fault.

Source: N.J.S.A. 39:6A-1 et seq.

https://example-placeholder.com/en

#AutoInsurance #CarInsurance #NJInsurance #Bilingual

Not a licensed agency. We connect you with licensed NJ/NY agents. Educational info, not advice.","396","https://example-placeholder.com/en","true","video","Card with the key figure or date large, legal citation small underneath.","","HOOK (0-3s): ""New Jersey is a no-fault state: PIP (Personal Injury Protection) is mandatory and pays your medical expenses after a crash regardless of who was at fault.""
BODY (3-25s): explain the point with one concrete local example.
CLOSE (25-30s): ""We connect you with a licensed agent, free. Link in bio.""","draft",""
"fact-cheap-auto-insurance-all-es-facebook","facebook","es","fact","","cheap-auto-insurance","Dato que conviene saber (NJ):

Según rangos publicados por U.S.

Fuente: Rangos publicados por U.S. News, Bankrate, NerdWallet e Insurify (2024–2025)

https://example-placeholder.com/es

#SeguroDeAuto #Aseguranza #AutoBarato #SegurosEnEspañol #NuevaJersey

No somos agencia con licencia. Te conectamos con agentes con licencia en NJ/NY. Info educativa, no asesoría.","365","https://example-placeholder.com/es","false","","","","","draft",""
"fact-cheap-auto-insurance-all-es-instagram","instagram","es","fact","","cheap-auto-insurance","Dato que conviene saber (NJ):

Según rangos publicados por U.S.

Fuente: Rangos publicados por U.S. News, Bankrate, NerdWallet e Insurify (2024–2025)

https://example-placeholder.com/es

#SeguroDeAuto #Aseguranza #AutoBarato #SegurosEnEspañol #NuevaJersey

No somos agencia con licencia. Te conectamos con agentes con licencia en NJ/NY. Info educativa, no asesoría.","365","https://example-placeholder.com/es","true","image","Tarjeta con la cifra o la fecha clave en grande, y la cita legal pequeña abajo.","","","draft",""
"fact-cheap-auto-insurance-all-es-tiktok","tiktok","es","fact","","cheap-auto-insurance","Dato que conviene saber (NJ):

Según rangos publicados por U.S.

Fuente: Rangos publicados por U.S. News, Bankrate, NerdWallet e Insurify (2024–2025)

https://example-placeholder.com/es

#SeguroDeAuto #Aseguranza #AutoBarato #SegurosEnEspañol #NuevaJersey

No somos agencia con licencia. Te conectamos con agentes con licencia en NJ/NY. Info educativa, no asesoría.","365","https://example-placeholder.com/es","true","video","Tarjeta con la cifra o la fecha clave en grande, y la cita legal pequeña abajo.","","GANCHO (0-3s): ""Según rangos publicados por U.S.""
DESARROLLO (3-25s): explica el punto con un ejemplo concreto de la zona.
CIERRE (25-30s): ""Te conectamos gratis con un agente con licencia. Link en bio.""","draft",""
"fact-cheap-auto-insurance-all-en-facebook","facebook","en","fact","","cheap-auto-insurance","Worth knowing (NJ):

Per ranges published by U.S.

Source: Rangos publicados por U.S. News, Bankrate, NerdWallet e Insurify (2024–2025)

https://example-placeholder.com/en

#AutoInsurance #CarInsurance #NJInsurance #Bilingual

Not a licensed agency. We connect you with licensed NJ/NY agents. Educational info, not advice.","322","https://example-placeholder.com/en","false","","","","","draft",""
"fact-cheap-auto-insurance-all-en-instagram","instagram","en","fact","","cheap-auto-insurance","Worth knowing (NJ):

Per ranges published by U.S.

Source: Rangos publicados por U.S. News, Bankrate, NerdWallet e Insurify (2024–2025)

https://example-placeholder.com/en

#AutoInsurance #CarInsurance #NJInsurance #Bilingual

Not a licensed agency. We connect you with licensed NJ/NY agents. Educational info, not advice.","322","https://example-placeholder.com/en","true","image","Card with the key figure or date large, legal citation small underneath.","","","draft",""
"fact-cheap-auto-insurance-all-en-tiktok","tiktok","en","fact","","cheap-auto-insurance","Worth knowing (NJ):

Per ranges published by U.S.

Source: Rangos publicados por U.S. News, Bankrate, NerdWallet e Insurify (2024–2025)

https://example-placeholder.com/en

#AutoInsurance #CarInsurance #NJInsurance #Bilingual

Not a licensed agency. We connect you with licensed NJ/NY agents. Educational info, not advice.","322","https://example-placeholder.com/en","true","video","Card with the key figure or date large, legal citation small underneath.","","HOOK (0-3s): ""Per ranges published by U.S.""
BODY (3-25s): explain the point with one concrete local example.
CLOSE (25-30s): ""We connect you with a licensed agent, free. Link in bio.""","draft",""
"fact-workers-comp-all-es-facebook","facebook","es","fact","","workers-comp","Dato que conviene saber (NY):

En Nueva York, la compensación laboral es obligatoria para prácticamente todo empleador con empleados, incluyendo familiares y trabajadores de medio tiempo.

Fuente: NY Workers' Compensation Law § 10

https://example-placeholder.com/es

#CompensacionLaboral #WorkersComp #Negocios #SegurosEnEspañol #NuevaJersey

No somos agencia con licencia. Te conectamos con agentes con licencia en NJ/NY. Info educativa, no asesoría.","452","https://example-placeholder.com/es","false","","","","","draft",""
"fact-workers-comp-all-es-instagram","instagram","es","fact","","workers-comp","Dato que conviene saber (NY):

En Nueva York, la compensación laboral es obligatoria para prácticamente todo empleador con empleados, incluyendo familiares y trabajadores de medio tiempo.

Fuente: NY Workers' Compensation Law § 10

https://example-placeholder.com/es

#CompensacionLaboral #WorkersComp #Negocios #SegurosEnEspañol #NuevaJersey

No somos agencia con licencia. Te conectamos con agentes con licencia en NJ/NY. Info educativa, no asesoría.","452","https://example-placeholder.com/es","true","image","Tarjeta con la cifra o la fecha clave en grande, y la cita legal pequeña abajo.","","","draft",""
"fact-workers-comp-all-es-tiktok","tiktok","es","fact","","workers-comp","Dato que conviene saber (NY):

En Nueva York, la compensación laboral es obligatoria para prácticamente todo empleador con empleados, incluyendo familiares y trabajadores de medio tiempo.

Fuente: NY Workers' Compensation Law § 10

https://example-placeholder.com/es

#CompensacionLaboral #WorkersComp #Negocios #SegurosEnEspañol #NuevaJersey

No somos agencia con licencia. Te conectamos con agentes con licencia en NJ/NY. Info educativa, no asesoría.","452","https://example-placeholder.com/es","true","video","Tarjeta con la cifra o la fecha clave en grande, y la cita legal pequeña abajo.","","GANCHO (0-3s): ""En Nueva York, la compensación laboral es obligatoria para prácticamente todo empleador con empleados, incluyendo familiares y trabajadores de medio tiempo.""
DESARROLLO (3-25s): explica el punto con un ejemplo concreto de la zona.
CIERRE (25-30s): ""Te conectamos gratis con un agente con licencia. Link en bio.""","draft",""
"fact-workers-comp-all-en-facebook","facebook","en","fact","","workers-comp","Worth knowing (NY):

In New York, workers' compensation is mandatory for virtually every employer with employees, including family members and part-time workers.

Source: NY Workers' Compensation Law § 10

https://example-placeholder.com/en

#WorkersComp #SmallBusiness #NJInsurance #Bilingual

Not a licensed agency. We connect you with licensed NJ/NY agents. Educational info, not advice.","390","https://example-placeholder.com/en","false","","","","","draft",""
"fact-workers-comp-all-en-instagram","instagram","en","fact","","workers-comp","Worth knowing (NY):

In New York, workers' compensation is mandatory for virtually every employer with employees, including family members and part-time workers.

Source: NY Workers' Compensation Law § 10

https://example-placeholder.com/en

#WorkersComp #SmallBusiness #NJInsurance #Bilingual

Not a licensed agency. We connect you with licensed NJ/NY agents. Educational info, not advice.","390","https://example-placeholder.com/en","true","image","Card with the key figure or date large, legal citation small underneath.","","","draft",""
"fact-workers-comp-all-en-tiktok","tiktok","en","fact","","workers-comp","Worth knowing (NY):

In New York, workers' compensation is mandatory for virtually every employer with employees, including family members and part-time workers.

Source: NY Workers' Compensation Law § 10

https://example-placeholder.com/en

#WorkersComp #SmallBusiness #NJInsurance #Bilingual

Not a licensed agency. We connect you with licensed NJ/NY agents. Educational info, not advice.","390","https://example-placeholder.com/en","true","video","Card with the key figure or date large, legal citation small underneath.","","HOOK (0-3s): ""In New York, workers' compensation is mandatory for virtually every employer with employees, including family members and part-time workers.""
BODY (3-25s): explain the point with one concrete local example.
CLOSE (25-30s): ""We connect you with a licensed agent, free. Link in bio.""","draft",""
"fact-workers-comp-all-es-facebook","facebook","es","fact","","workers-comp","Dato que conviene saber (NY):

Además del workers' comp, los empleadores de NY deben tener seguro de incapacidad (DBL) y Paid Family Leave (PFL).

Fuente: NY WCL Article 9 (DBL) y NY Paid Family Leave

https://example-placeholder.com/es

#CompensacionLaboral #WorkersComp #Negocios #SegurosEnEspañol #NuevaJersey

No somos agencia con licencia. Te conectamos con agentes con licencia en NJ/NY. Info educativa, no asesoría.","422","https://example-placeholder.com/es","false","","","","","draft",""
"fact-workers-comp-all-es-instagram","instagram","es","fact","","workers-comp","Dato que conviene saber (NY):

Además del workers' comp, los empleadores de NY deben tener seguro de incapacidad (DBL) y Paid Family Leave (PFL).

Fuente: NY WCL Article 9 (DBL) y NY Paid Family Leave

https://example-placeholder.com/es

#CompensacionLaboral #WorkersComp #Negocios #SegurosEnEspañol #NuevaJersey

No somos agencia con licencia. Te conectamos con agentes con licencia en NJ/NY. Info educativa, no asesoría.","422","https://example-placeholder.com/es","true","image","Tarjeta con la cifra o la fecha clave en grande, y la cita legal pequeña abajo.","","","draft",""
"fact-workers-comp-all-es-tiktok","tiktok","es","fact","","workers-comp","Dato que conviene saber (NY):

Además del workers' comp, los empleadores de NY deben tener seguro de incapacidad (DBL) y Paid Family Leave (PFL).

Fuente: NY WCL Article 9 (DBL) y NY Paid Family Leave

https://example-placeholder.com/es

#CompensacionLaboral #WorkersComp #Negocios #SegurosEnEspañol #NuevaJersey

No somos agencia con licencia. Te conectamos con agentes con licencia en NJ/NY. Info educativa, no asesoría.","422","https://example-placeholder.com/es","true","video","Tarjeta con la cifra o la fecha clave en grande, y la cita legal pequeña abajo.","","GANCHO (0-3s): ""Además del workers' comp, los empleadores de NY deben tener seguro de incapacidad (DBL) y Paid Family Leave (PFL).""
DESARROLLO (3-25s): explica el punto con un ejemplo concreto de la zona.
CIERRE (25-30s): ""Te conectamos gratis con un agente con licencia. Link en bio.""","draft",""
"fact-workers-comp-all-en-facebook","facebook","en","fact","","workers-comp","Worth knowing (NY):

Beyond workers' comp, NY employers must carry disability benefits (DBL) and Paid Family Leave (PFL).

Source: NY WCL Article 9 (DBL) y NY Paid Family Leave

https://example-placeholder.com/en

#WorkersComp #SmallBusiness #NJInsurance #Bilingual

Not a licensed agency. We connect you with licensed NJ/NY agents. Educational info, not advice.","362","https://example-placeholder.com/en","false","","","","","draft",""
"fact-workers-comp-all-en-instagram","instagram","en","fact","","workers-comp","Worth knowing (NY):

Beyond workers' comp, NY employers must carry disability benefits (DBL) and Paid Family Leave (PFL).

Source: NY WCL Article 9 (DBL) y NY Paid Family Leave

https://example-placeholder.com/en

#WorkersComp #SmallBusiness #NJInsurance #Bilingual

Not a licensed agency. We connect you with licensed NJ/NY agents. Educational info, not advice.","362","https://example-placeholder.com/en","true","image","Card with the key figure or date large, legal citation small underneath.","","","draft",""
"fact-workers-comp-all-en-tiktok","tiktok","en","fact","","workers-comp","Worth knowing (NY):

Beyond workers' comp, NY employers must carry disability benefits (DBL) and Paid Family Leave (PFL).

Source: NY WCL Article 9 (DBL) y NY Paid Family Leave

https://example-placeholder.com/en

#WorkersComp #SmallBusiness #NJInsurance #Bilingual

Not a licensed agency. We connect you with licensed NJ/NY agents. Educational info, not advice.","362","https://example-placeholder.com/en","true","video","Card with the key figure or date large, legal citation small underneath.","","HOOK (0-3s): ""Beyond workers' comp, NY employers must carry disability benefits (DBL) and Paid Family Leave (PFL).""
BODY (3-25s): explain the point with one concrete local example.
CLOSE (25-30s): ""We connect you with a licensed agent, free. Link in bio.""","draft",""
"fact-contractor-insurance-all-es-facebook","facebook","es","fact","","contractor-insurance","Dato que conviene saber (NY):

En la ciudad de Nueva York, los contratistas necesitan responsabilidad civil general (GL) para obtener y mantener su licencia con el Department of Buildings (DOB).

Fuente: NYC Department of Buildings licensing requirements

https://example-placeholder.com/es

#Contratistas #SeguroDeContratista #COI #SegurosEnEspañol #NuevaJersey

No somos agencia con licencia. Te conectamos con agentes con licencia en NJ/NY. Info educativa, no asesoría.","472","https://example-placeholder.com/es","false","","","","","draft",""
"fact-contractor-insurance-all-es-instagram","instagram","es","fact","","contractor-insurance","Dato que conviene saber (NY):

En la ciudad de Nueva York, los contratistas necesitan responsabilidad civil general (GL) para obtener y mantener su licencia con el Department of Buildings (DOB).

Fuente: NYC Department of Buildings licensing requirements

https://example-placeholder.com/es

#Contratistas #SeguroDeContratista #COI #SegurosEnEspañol #NuevaJersey

No somos agencia con licencia. Te conectamos con agentes con licencia en NJ/NY. Info educativa, no asesoría.","472","https://example-placeholder.com/es","true","image","Tarjeta con la cifra o la fecha clave en grande, y la cita legal pequeña abajo.","","","draft",""
"fact-contractor-insurance-all-es-tiktok","tiktok","es","fact","","contractor-insurance","Dato que conviene saber (NY):

En la ciudad de Nueva York, los contratistas necesitan responsabilidad civil general (GL) para obtener y mantener su licencia con el Department of Buildings (DOB).

Fuente: NYC Department of Buildings licensing requirements

https://example-placeholder.com/es

#Contratistas #SeguroDeContratista #COI #SegurosEnEspañol #NuevaJersey

No somos agencia con licencia. Te conectamos con agentes con licencia en NJ/NY. Info educativa, no asesoría.","472","https://example-placeholder.com/es","true","video","Tarjeta con la cifra o la fecha clave en grande, y la cita legal pequeña abajo.","","GANCHO (0-3s): ""En la ciudad de Nueva York, los contratistas necesitan responsabilidad civil general (GL) para obtener y mantener su licencia con el Department of Buildings (DOB).""
DESARROLLO (3-25s): explica el punto con un ejemplo concreto de la zona.
CIERRE (25-30s): ""Te conectamos gratis con un agente con licencia. Link en bio.""","draft",""
"fact-contractor-insurance-all-en-facebook","facebook","en","fact","","contractor-insurance","Worth knowing (NY):

In New York City, contractors need commercial general liability (GL) to obtain and keep their Department of Buildings (DOB) license.

Source: NYC Department of Buildings licensing requirements

https://example-placeholder.com/en

#Contractors #GeneralLiability #COI #NJInsurance #Bilingual

Not a licensed agency. We connect you with licensed NJ/NY agents. Educational info, not advice.","407","https://example-placeholder.com/en","false","","","","","draft",""
"fact-contractor-insurance-all-en-instagram","instagram","en","fact","","contractor-insurance","Worth knowing (NY):

In New York City, contractors need commercial general liability (GL) to obtain and keep their Department of Buildings (DOB) license.

Source: NYC Department of Buildings licensing requirements

https://example-placeholder.com/en

#Contractors #GeneralLiability #COI #NJInsurance #Bilingual

Not a licensed agency. We connect you with licensed NJ/NY agents. Educational info, not advice.","407","https://example-placeholder.com/en","true","image","Card with the key figure or date large, legal citation small underneath.","","","draft",""
"fact-contractor-insurance-all-en-tiktok","tiktok","en","fact","","contractor-insurance","Worth knowing (NY):

In New York City, contractors need commercial general liability (GL) to obtain and keep their Department of Buildings (DOB) license.

Source: NYC Department of Buildings licensing requirements

https://example-placeholder.com/en

#Contractors #GeneralLiability #COI #NJInsurance #Bilingual

Not a licensed agency. We connect you with licensed NJ/NY agents. Educational info, not advice.","407","https://example-placeholder.com/en","true","video","Card with the key figure or date large, legal citation small underneath.","","HOOK (0-3s): ""In New York City, contractors need commercial general liability (GL) to obtain and keep their Department of Buildings (DOB) license.""
BODY (3-25s): explain the point with one concrete local example.
CLOSE (25-30s): ""We connect you with a licensed agent, free. Link in bio.""","draft",""
"fact-cheap-auto-insurance-all-es-facebook","facebook","es","fact","","cheap-auto-insurance","Dato que conviene saber (NY):

Los mínimos de responsabilidad en Nueva York son $25,000 por persona y $50,000 por accidente por lesiones corporales, $50,000 y $100,000 si hay fallecimiento, y $10,000 por daños a la propiedad.

Fuente: NY Vehicle & Traffic Law § 311; NY Insurance Law § 3420

https://example-placeholder.com/es

#SeguroDeAuto #Aseguranza #AutoBarato #SegurosEnEspañol #NuevaJersey

No somos agencia con licencia. Te conectamos con agentes con licencia en NJ/NY. Info educativa, no asesoría.","506","https://example-placeholder.com/es","false","","","","","draft",""
"fact-cheap-auto-insurance-all-es-instagram","instagram","es","fact","","cheap-auto-insurance","Dato que conviene saber (NY):

Los mínimos de responsabilidad en Nueva York son $25,000 por persona y $50,000 por accidente por lesiones corporales, $50,000 y $100,000 si hay fallecimiento, y $10,000 por daños a la propiedad.

Fuente: NY Vehicle & Traffic Law § 311; NY Insurance Law § 3420

https://example-placeholder.com/es

#SeguroDeAuto #Aseguranza #AutoBarato #SegurosEnEspañol #NuevaJersey

No somos agencia con licencia. Te conectamos con agentes con licencia en NJ/NY. Info educativa, no asesoría.","506","https://example-placeholder.com/es","true","image","Tarjeta con la cifra o la fecha clave en grande, y la cita legal pequeña abajo.","","","draft",""
"fact-cheap-auto-insurance-all-es-tiktok","tiktok","es","fact","","cheap-auto-insurance","Dato que conviene saber (NY):

Los mínimos de responsabilidad en Nueva York son $25,000 por persona y $50,000 por accidente por lesiones corporales, $50,000 y $100,000 si hay fallecimiento, y $10,000 por daños a la propiedad.

Fuente: NY Vehicle & Traffic Law § 311; NY Insurance Law § 3420

https://example-placeholder.com/es

#SeguroDeAuto #Aseguranza #AutoBarato #SegurosEnEspañol #NuevaJersey

No somos agencia con licencia. Te conectamos con agentes con licencia en NJ/NY. Info educativa, no asesoría.","506","https://example-placeholder.com/es","true","video","Tarjeta con la cifra o la fecha clave en grande, y la cita legal pequeña abajo.","","GANCHO (0-3s): ""Los mínimos de responsabilidad en Nueva York son $25,000 por persona y $50,000 por accidente por lesiones corporales, $50,000 y $100,000 si hay fallecimiento, y $10,000 por daños a la propiedad.""
DESARROLLO (3-25s): explica el punto con un ejemplo concreto de la zona.
CIERRE (25-30s): ""Te conectamos gratis con un agente con licencia. Link en bio.""","draft",""
"fact-cheap-auto-insurance-all-en-facebook","facebook","en","fact","","cheap-auto-insurance","Worth knowing (NY):

New York's minimum liability limits are $25,000 per person and $50,000 per accident for bodily injury, $50,000 and $100,000 in the event of death, and $10,000 for property damage.

Source: NY Vehicle & Traffic Law § 311; NY Insurance Law § 3420

https://example-placeholder.com/en

#AutoInsurance #CarInsurance #NJInsurance #Bilingual

Not a licensed agency. We connect you with licensed NJ/NY agents. Educational info, not advice.","452","https://example-placeholder.com/en","false","","","","","draft",""
"fact-cheap-auto-insurance-all-en-instagram","instagram","en","fact","","cheap-auto-insurance","Worth knowing (NY):

New York's minimum liability limits are $25,000 per person and $50,000 per accident for bodily injury, $50,000 and $100,000 in the event of death, and $10,000 for property damage.

Source: NY Vehicle & Traffic Law § 311; NY Insurance Law § 3420

https://example-placeholder.com/en

#AutoInsurance #CarInsurance #NJInsurance #Bilingual

Not a licensed agency. We connect you with licensed NJ/NY agents. Educational info, not advice.","452","https://example-placeholder.com/en","true","image","Card with the key figure or date large, legal citation small underneath.","","","draft",""
"fact-cheap-auto-insurance-all-en-tiktok","tiktok","en","fact","","cheap-auto-insurance","Worth knowing (NY):

New York's minimum liability limits are $25,000 per person and $50,000 per accident for bodily injury, $50,000 and $100,000 in the event of death, and $10,000 for property damage.

Source: NY Vehicle & Traffic Law § 311; NY Insurance Law § 3420

https://example-placeholder.com/en

#AutoInsurance #CarInsurance #NJInsurance #Bilingual

Not a licensed agency. We connect you with licensed NJ/NY agents. Educational info, not advice.","452","https://example-placeholder.com/en","true","video","Card with the key figure or date large, legal citation small underneath.","","HOOK (0-3s): ""New York's minimum liability limits are $25,000 per person and $50,000 per accident for bodily injury, $50,000 and $100,000 in the event of death, and $10,000 for property damage.""
BODY (3-25s): explain the point with one concrete local example.
CLOSE (25-30s): ""We connect you with a licensed agent, free. Link in bio.""","draft",""
"fact-cheap-auto-insurance-all-es-facebook","facebook","es","fact","","cheap-auto-insurance","Dato que conviene saber (NY):

Nueva York también es un estado no-fault: se exige un mínimo de $50,000 en beneficios de PIP, que pagan gastos médicos y parte del salario perdido sin importar quién causó el accidente.

Fuente: NY Insurance Law Article 51 (No-Fault)

https://example-placeholder.com/es

#SeguroDeAuto #Aseguranza #AutoBarato #SegurosEnEspañol #NuevaJersey

No somos agencia con licencia. Te conectamos con agentes con licencia en NJ/NY. Info educativa, no asesoría.","480","https://example-placeholder.com/es","false","","","","","draft",""
"fact-cheap-auto-insurance-all-es-instagram","instagram","es","fact","","cheap-auto-insurance","Dato que conviene saber (NY):

Nueva York también es un estado no-fault: se exige un mínimo de $50,000 en beneficios de PIP, que pagan gastos médicos y parte del salario perdido sin importar quién causó el accidente.

Fuente: NY Insurance Law Article 51 (No-Fault)

https://example-placeholder.com/es

#SeguroDeAuto #Aseguranza #AutoBarato #SegurosEnEspañol #NuevaJersey

No somos agencia con licencia. Te conectamos con agentes con licencia en NJ/NY. Info educativa, no asesoría.","480","https://example-placeholder.com/es","true","image","Tarjeta con la cifra o la fecha clave en grande, y la cita legal pequeña abajo.","","","draft",""
"fact-cheap-auto-insurance-all-es-tiktok","tiktok","es","fact","","cheap-auto-insurance","Dato que conviene saber (NY):

Nueva York también es un estado no-fault: se exige un mínimo de $50,000 en beneficios de PIP, que pagan gastos médicos y parte del salario perdido sin importar quién causó el accidente.

Fuente: NY Insurance Law Article 51 (No-Fault)

https://example-placeholder.com/es

#SeguroDeAuto #Aseguranza #AutoBarato #SegurosEnEspañol #NuevaJersey

No somos agencia con licencia. Te conectamos con agentes con licencia en NJ/NY. Info educativa, no asesoría.","480","https://example-placeholder.com/es","true","video","Tarjeta con la cifra o la fecha clave en grande, y la cita legal pequeña abajo.","","GANCHO (0-3s): ""Nueva York también es un estado no-fault: se exige un mínimo de $50,000 en beneficios de PIP, que pagan gastos médicos y parte del salario perdido sin importar quién causó el accidente.""
DESARROLLO (3-25s): explica el punto con un ejemplo concreto de la zona.
CIERRE (25-30s): ""Te conectamos gratis con un agente con licencia. Link en bio.""","draft",""
"fact-cheap-auto-insurance-all-en-facebook","facebook","en","fact","","cheap-auto-insurance","Worth knowing (NY):

New York is also a no-fault state: a minimum of $50,000 in PIP benefits is required, covering medical costs and part of lost wages regardless of who caused the crash.

Source: NY Insurance Law Article 51 (No-Fault)

https://example-placeholder.com/en

#AutoInsurance #CarInsurance #NJInsurance #Bilingual

Not a licensed agency. We connect you with licensed NJ/NY agents. Educational info, not advice.","422","https://example-placeholder.com/en","false","","","","","draft",""
"fact-cheap-auto-insurance-all-en-instagram","instagram","en","fact","","cheap-auto-insurance","Worth knowing (NY):

New York is also a no-fault state: a minimum of $50,000 in PIP benefits is required, covering medical costs and part of lost wages regardless of who caused the crash.

Source: NY Insurance Law Article 51 (No-Fault)

https://example-placeholder.com/en

#AutoInsurance #CarInsurance #NJInsurance #Bilingual

Not a licensed agency. We connect you with licensed NJ/NY agents. Educational info, not advice.","422","https://example-placeholder.com/en","true","image","Card with the key figure or date large, legal citation small underneath.","","","draft",""
"fact-cheap-auto-insurance-all-en-tiktok","tiktok","en","fact","","cheap-auto-insurance","Worth knowing (NY):

New York is also a no-fault state: a minimum of $50,000 in PIP benefits is required, covering medical costs and part of lost wages regardless of who caused the crash.

Source: NY Insurance Law Article 51 (No-Fault)

https://example-placeholder.com/en

#AutoInsurance #CarInsurance #NJInsurance #Bilingual

Not a licensed agency. We connect you with licensed NJ/NY agents. Educational info, not advice.","422","https://example-placeholder.com/en","true","video","Card with the key figure or date large, legal citation small underneath.","","HOOK (0-3s): ""New York is also a no-fault state: a minimum of $50,000 in PIP benefits is required, covering medical costs and part of lost wages regardless of who caused the crash.""
BODY (3-25s): explain the point with one concrete local example.
CLOSE (25-30s): ""We connect you with a licensed agent, free. Link in bio.""","draft",""
"fact-cheap-auto-insurance-all-es-facebook","facebook","es","fact","","cheap-auto-insurance","Dato que conviene saber (NY):

En Nueva York la cobertura contra conductores sin seguro (uninsured motorist) es obligatoria, no opcional, con límites mínimos de $25,000 por persona y $50,000 por accidente.

Fuente: NY Insurance Law § 3420(f)

https://example-placeholder.com/es

#SeguroDeAuto #Aseguranza #AutoBarato #SegurosEnEspañol #NuevaJersey

No somos agencia con licencia. Te conectamos con agentes con licencia en NJ/NY. Info educativa, no asesoría.","457","https://example-placeholder.com/es","false","","","","","draft",""
"fact-cheap-auto-insurance-all-es-instagram","instagram","es","fact","","cheap-auto-insurance","Dato que conviene saber (NY):

En Nueva York la cobertura contra conductores sin seguro (uninsured motorist) es obligatoria, no opcional, con límites mínimos de $25,000 por persona y $50,000 por accidente.

Fuente: NY Insurance Law § 3420(f)

https://example-placeholder.com/es

#SeguroDeAuto #Aseguranza #AutoBarato #SegurosEnEspañol #NuevaJersey

No somos agencia con licencia. Te conectamos con agentes con licencia en NJ/NY. Info educativa, no asesoría.","457","https://example-placeholder.com/es","true","image","Tarjeta con la cifra o la fecha clave en grande, y la cita legal pequeña abajo.","","","draft",""
"fact-cheap-auto-insurance-all-es-tiktok","tiktok","es","fact","","cheap-auto-insurance","Dato que conviene saber (NY):

En Nueva York la cobertura contra conductores sin seguro (uninsured motorist) es obligatoria, no opcional, con límites mínimos de $25,000 por persona y $50,000 por accidente.

Fuente: NY Insurance Law § 3420(f)

https://example-placeholder.com/es

#SeguroDeAuto #Aseguranza #AutoBarato #SegurosEnEspañol #NuevaJersey

No somos agencia con licencia. Te conectamos con agentes con licencia en NJ/NY. Info educativa, no asesoría.","457","https://example-placeholder.com/es","true","video","Tarjeta con la cifra o la fecha clave en grande, y la cita legal pequeña abajo.","","GANCHO (0-3s): ""En Nueva York la cobertura contra conductores sin seguro (uninsured motorist) es obligatoria, no opcional, con límites mínimos de $25,000 por persona y $50,000 por accidente.""
DESARROLLO (3-25s): explica el punto con un ejemplo concreto de la zona.
CIERRE (25-30s): ""Te conectamos gratis con un agente con licencia. Link en bio.""","draft",""
"fact-cheap-auto-insurance-all-en-facebook","facebook","en","fact","","cheap-auto-insurance","Worth knowing (NY):

In New York, uninsured motorist coverage is mandatory rather than optional, with minimum limits of $25,000 per person and $50,000 per accident.

Source: NY Insurance Law § 3420(f)

https://example-placeholder.com/en

#AutoInsurance #CarInsurance #NJInsurance #Bilingual

Not a licensed agency. We connect you with licensed NJ/NY agents. Educational info, not advice.","387","https://example-placeholder.com/en","false","","","","","draft",""
"fact-cheap-auto-insurance-all-en-instagram","instagram","en","fact","","cheap-auto-insurance","Worth knowing (NY):

In New York, uninsured motorist coverage is mandatory rather than optional, with minimum limits of $25,000 per person and $50,000 per accident.

Source: NY Insurance Law § 3420(f)

https://example-placeholder.com/en

#AutoInsurance #CarInsurance #NJInsurance #Bilingual

Not a licensed agency. We connect you with licensed NJ/NY agents. Educational info, not advice.","387","https://example-placeholder.com/en","true","image","Card with the key figure or date large, legal citation small underneath.","","","draft",""
"fact-cheap-auto-insurance-all-en-tiktok","tiktok","en","fact","","cheap-auto-insurance","Worth knowing (NY):

In New York, uninsured motorist coverage is mandatory rather than optional, with minimum limits of $25,000 per person and $50,000 per accident.

Source: NY Insurance Law § 3420(f)

https://example-placeholder.com/en

#AutoInsurance #CarInsurance #NJInsurance #Bilingual

Not a licensed agency. We connect you with licensed NJ/NY agents. Educational info, not advice.","387","https://example-placeholder.com/en","true","video","Card with the key figure or date large, legal citation small underneath.","","HOOK (0-3s): ""In New York, uninsured motorist coverage is mandatory rather than optional, with minimum limits of $25,000 per person and $50,000 per accident.""
BODY (3-25s): explain the point with one concrete local example.
CLOSE (25-30s): ""We connect you with a licensed agent, free. Link in bio.""","draft",""
"fact-cheap-auto-insurance-all-es-facebook","facebook","es","fact","","cheap-auto-insurance","Dato que conviene saber (NY):

Según rangos publicados por Bankrate, NerdWallet, Insurify y ValuePenguin, la prima anual promedio en Nueva York va de aproximadamente $1,700–$2,200 por cobertura mínima a aproximadamente $3,300–$4,200 por cobertura completa, y los cinco condados de la ciudad cotizan por encima del promedio estatal.

Fuente: Rangos publicados por Bankrate, NerdWallet, Insurify y ValuePenguin (2024–2025)

https://example-placeholder.com/es

#SeguroDeAuto #Aseguranza #AutoBarato #SegurosEnEspañol #NuevaJersey

No somos agencia con licencia. Te conectamos con agentes con licencia en NJ/NY. Info educativa, no asesoría.","636","https://example-placeholder.com/es","false","","","","","draft",""
"fact-cheap-auto-insurance-all-es-instagram","instagram","es","fact","","cheap-auto-insurance","Dato que conviene saber (NY):

Según rangos publicados por Bankrate, NerdWallet, Insurify y ValuePenguin, la prima anual promedio en Nueva York va de aproximadamente $1,700–$2,200 por cobertura mínima a aproximadamente $3,300–$4,200 por cobertura completa, y los cinco condados de la ciudad cotizan por encima del promedio estatal.

Fuente: Rangos publicados por Bankrate, NerdWallet, Insurify y ValuePenguin (2024–2025)

https://example-placeholder.com/es

#SeguroDeAuto #Aseguranza #AutoBarato #SegurosEnEspañol #NuevaJersey

No somos agencia con licencia. Te conectamos con agentes con licencia en NJ/NY. Info educativa, no asesoría.","636","https://example-placeholder.com/es","true","image","Tarjeta con la cifra o la fecha clave en grande, y la cita legal pequeña abajo.","","","draft",""
"fact-cheap-auto-insurance-all-es-tiktok","tiktok","es","fact","","cheap-auto-insurance","Dato que conviene saber (NY):

Según rangos publicados por Bankrate, NerdWallet, Insurify y ValuePenguin, la prima anual promedio en Nueva York va de aproximadamente $1,700–$2,200 por cobertura mínima a aproximadamente $3,300–$4,200 por cobertura completa, y los cinco condados de la ciudad cotizan por encima del promedio estatal.

Fuente: Rangos publicados por Bankrate, NerdWallet, Insurify y ValuePenguin (2024–2025)

https://example-placeholder.com/es

#SeguroDeAuto #Aseguranza #AutoBarato #SegurosEnEspañol #NuevaJersey

No somos agencia con licencia. Te conectamos con agentes con licencia en NJ/NY. Info educativa, no asesoría.","636","https://example-placeholder.com/es","true","video","Tarjeta con la cifra o la fecha clave en grande, y la cita legal pequeña abajo.","","GANCHO (0-3s): ""Según rangos publicados por Bankrate, NerdWallet, Insurify y ValuePenguin, la prima anual promedio en Nueva York va de aproximadamente $1,700–$2,200 por cobertura mínima a aproximadamente…""
DESARROLLO (3-25s): explica el punto con un ejemplo concreto de la zona.
CIERRE (25-30s): ""Te conectamos gratis con un agente con licencia. Link en bio.""","draft",""
"fact-cheap-auto-insurance-all-en-facebook","facebook","en","fact","","cheap-auto-insurance","Worth knowing (NY):

Per ranges published by Bankrate, NerdWallet, Insurify and ValuePenguin, average annual New York premiums run roughly $1,700–$2,200 for minimum coverage and roughly $3,300–$4,200 for full coverage, with the five boroughs pricing above the statewide average.

Source: Rangos publicados por Bankrate, NerdWallet, Insurify y ValuePenguin (2024–2025)

https://example-placeholder.com/en

#AutoInsurance #CarInsurance #NJInsurance #Bilingual

Not a licensed agency. We connect you with licensed NJ/NY agents. Educational info, not advice.","554","https://example-placeholder.com/en","false","","","","","draft",""
"fact-cheap-auto-insurance-all-en-instagram","instagram","en","fact","","cheap-auto-insurance","Worth knowing (NY):

Per ranges published by Bankrate, NerdWallet, Insurify and ValuePenguin, average annual New York premiums run roughly $1,700–$2,200 for minimum coverage and roughly $3,300–$4,200 for full coverage, with the five boroughs pricing above the statewide average.

Source: Rangos publicados por Bankrate, NerdWallet, Insurify y ValuePenguin (2024–2025)

https://example-placeholder.com/en

#AutoInsurance #CarInsurance #NJInsurance #Bilingual

Not a licensed agency. We connect you with licensed NJ/NY agents. Educational info, not advice.","554","https://example-placeholder.com/en","true","image","Card with the key figure or date large, legal citation small underneath.","","","draft",""
"fact-cheap-auto-insurance-all-en-tiktok","tiktok","en","fact","","cheap-auto-insurance","Worth knowing (NY):

Per ranges published by Bankrate, NerdWallet, Insurify and ValuePenguin, average annual New York premiums run roughly $1,700–$2,200 for minimum coverage and roughly $3,300–$4,200 for full coverage, with the five boroughs pricing above the statewide average.

Source: Rangos publicados por Bankrate, NerdWallet, Insurify y ValuePenguin (2024–2025)

https://example-placeholder.com/en

#AutoInsurance #CarInsurance #NJInsurance #Bilingual

Not a licensed agency. We connect you with licensed NJ/NY agents. Educational info, not advice.","554","https://example-placeholder.com/en","true","video","Card with the key figure or date large, legal citation small underneath.","","HOOK (0-3s): ""Per ranges published by Bankrate, NerdWallet, Insurify and ValuePenguin, average annual New York premiums run roughly $1,700–$2,200 for minimum coverage and roughly $3,300–$4,200 for full coverage,…""
BODY (3-25s): explain the point with one concrete local example.
CLOSE (25-30s): ""We connect you with a licensed agent, free. Link in bio.""","draft",""
"fact-workers-comp-all-es-facebook","facebook","es","fact","","workers-comp","Dato que conviene saber (NY):

En Nueva York, operar sin compensación laboral teniendo empleados puede traer multas por cada período de diez días sin cobertura, además de responsabilidad directa del patrón por los costos del trabajador lesionado.

Fuente: NY Workers' Compensation Law § 52

https://example-placeholder.com/es

#CompensacionLaboral #WorkersComp #Negocios #SegurosEnEspañol #NuevaJersey

No somos agencia con licencia. Te conectamos con agentes con licencia en NJ/NY. Info educativa, no asesoría.","511","https://example-placeholder.com/es","false","","","","","draft",""
"fact-workers-comp-all-es-instagram","instagram","es","fact","","workers-comp","Dato que conviene saber (NY):

En Nueva York, operar sin compensación laboral teniendo empleados puede traer multas por cada período de diez días sin cobertura, además de responsabilidad directa del patrón por los costos del trabajador lesionado.

Fuente: NY Workers' Compensation Law § 52

https://example-placeholder.com/es

#CompensacionLaboral #WorkersComp #Negocios #SegurosEnEspañol #NuevaJersey

No somos agencia con licencia. Te conectamos con agentes con licencia en NJ/NY. Info educativa, no asesoría.","511","https://example-placeholder.com/es","true","image","Tarjeta con la cifra o la fecha clave en grande, y la cita legal pequeña abajo.","","","draft",""
"fact-workers-comp-all-es-tiktok","tiktok","es","fact","","workers-comp","Dato que conviene saber (NY):

En Nueva York, operar sin compensación laboral teniendo empleados puede traer multas por cada período de diez días sin cobertura, además de responsabilidad directa del patrón por los costos del trabajador lesionado.

Fuente: NY Workers' Compensation Law § 52

https://example-placeholder.com/es

#CompensacionLaboral #WorkersComp #Negocios #SegurosEnEspañol #NuevaJersey

No somos agencia con licencia. Te conectamos con agentes con licencia en NJ/NY. Info educativa, no asesoría.","511","https://example-placeholder.com/es","true","video","Tarjeta con la cifra o la fecha clave en grande, y la cita legal pequeña abajo.","","GANCHO (0-3s): ""En Nueva York, operar sin compensación laboral teniendo empleados puede traer multas por cada período de diez días sin cobertura, además de responsabilidad directa del patrón por los costos del…""
DESARROLLO (3-25s): explica el punto con un ejemplo concreto de la zona.
CIERRE (25-30s): ""Te conectamos gratis con un agente con licencia. Link en bio.""","draft",""
"fact-workers-comp-all-en-facebook","facebook","en","fact","","workers-comp","Worth knowing (NY):

In New York, operating without workers' compensation while having employees can bring penalties for each ten-day period without coverage, plus direct employer liability for the injured worker's costs.

Source: NY Workers' Compensation Law § 52

https://example-placeholder.com/en

#WorkersComp #SmallBusiness #NJInsurance #Bilingual

Not a licensed agency. We connect you with licensed NJ/NY agents. Educational info, not advice.","450","https://example-placeholder.com/en","false","","","","","draft",""
"fact-workers-comp-all-en-instagram","instagram","en","fact","","workers-comp","Worth knowing (NY):

In New York, operating without workers' compensation while having employees can bring penalties for each ten-day period without coverage, plus direct employer liability for the injured worker's costs.

Source: NY Workers' Compensation Law § 52

https://example-placeholder.com/en

#WorkersComp #SmallBusiness #NJInsurance #Bilingual

Not a licensed agency. We connect you with licensed NJ/NY agents. Educational info, not advice.","450","https://example-placeholder.com/en","true","image","Card with the key figure or date large, legal citation small underneath.","","","draft",""
"fact-workers-comp-all-en-tiktok","tiktok","en","fact","","workers-comp","Worth knowing (NY):

In New York, operating without workers' compensation while having employees can bring penalties for each ten-day period without coverage, plus direct employer liability for the injured worker's costs.

Source: NY Workers' Compensation Law § 52

https://example-placeholder.com/en

#WorkersComp #SmallBusiness #NJInsurance #Bilingual

Not a licensed agency. We connect you with licensed NJ/NY agents. Educational info, not advice.","450","https://example-placeholder.com/en","true","video","Card with the key figure or date large, legal citation small underneath.","","HOOK (0-3s): ""In New York, operating without workers' compensation while having employees can bring penalties for each ten-day period without coverage, plus direct employer liability for the injured worker's costs.""
BODY (3-25s): explain the point with one concrete local example.
CLOSE (25-30s): ""We connect you with a licensed agent, free. Link in bio.""","draft",""